Id,Label,name,ave_view,ave_comment,ave_mylist,ave_starttime,ave_length,Points,training,modify_probability
1,1,ゲー_,18847.21505,684.2330226,150.8601864,40996 ,792.8508655,21770.56429,0,0.511249832
3,3,,37180,889,93,40272 ,695,39443.29037,0,0.597186871
6,6,ゲッン,53279,1269.666667,397.3333333,40209 ,403,60479.3278,0,0.787467336
9,9,PS3,5840,113.75,21.79166667,40844 ,596.0833333,6278.459663,0,0.71397571
10,10,ガンダ_戦,4972.785714,181.1785714,10.67857143,40489 ,474.7857143,5307.787011,0,0.252665292
11,11,SAI,2019,59,31,40317 ,544,2541.349455,0,0.155886832
12,12,アーダン,9328.333333,231.6666667,48,40329 ,820,10274.41409,0,0.810090779
14,14,civilization,1430.952381,149.1904762,4.571428571,40783 ,531.1428571,1634.668979,1,0
15,15,X.クウ,13157.54897,577.457528,67.86183711,40730 ,711.5100399,14728.77551,0,0.155686463
18,18,ぁ最終回_っ,44038.57143,1377.428571,233.4285714,40626 ,1313.714286,48875.86596,0,0.990191743
19,19,SofTalk,10594.43902,160.9268293,194.6341463,40529 ,251.5365854,13672.51298,0,0.511249832
26,26,civ4,1326.722222,157,4.611111111,40844 ,520.2222222,1536.32741,1,0
28,28,Fallout3,26247.91667,629.2222222,69.02777778,40501 ,712.0555556,27897.86254,0,0.477670515
30,30,X.せんしゃのなかにあ.,14464.65279,1522.883619,366.0365903,40733 ,825.5819971,21336.27072,0,0.466188216
31,31,Minecraft,23411.12143,544.2357143,200.3,41043 ,681.5357143,26947.59532,0,0.514993042
33,33,X3日,13016.11213,1447.161905,387.7615867,40725 ,751.2777462,20138.67888,0,0.418890321
40,40,SayKana,48522,1087,1424,40129 ,228,70945.84696,0,0.065628028
44,44,ニコニコ国内旅,11718.13793,409.3103448,117.862069,41091 ,756.137931,13881.69775,0,0.077392936
45,45,ニコニコ_ービメーカー,10675.07755,254.5428571,103.3959184,40452 ,302.7510204,12474.68662,0,0.511249832
50,50,ニコニコ動画講座,5281.409836,144.6229508,165.6393443,40636 ,358.5737705,7906.882425,0,0.511249833
51,51,ニコニコ技術部,6986.6875,346.4375,159.28125,40759 ,360.625,9706.325006,0,0.62743332
56,56,お菓子作り,1506,64,17.66666667,40374 ,227.6666667,1832.420113,1,0
58,58,エンターヂメン,6121.141791,123.6393035,29.45522388,41336 ,335.0174129,6684.173032,0,0.511249832
61,61,イカ,1931,220.3333333,16.66666667,41164 ,728.6666667,2378.940908,0,0.040459367
65,65,,805,41,8,41041 ,424,964.0316159,1,0
76,76,Love,366,19,5,40745 ,280,459.074359,1,0
79,79,めくり,6947.790541,191.4617117,64.6036036,40703 ,355.1306306,8103.2177,0,0.511249832
84,84,HONDA,593,35.33333333,3,40970 ,806.3333333,671.3558606,1,0
85,85,iPhone,3650,98.66666667,42.33333333,40892 ,468.3333333,4381.098713,0,0.088720941
89,89,Excel,2148,81,58,40973 ,307,3096.131176,0,0.27102111
101,101,そ,2664.385714,117.0285714,19.87142857,40811 ,389.4,3074.596642,0,0.51275782
105,105,DemolitionCompany,127213,4839,397,40454 ,1028,137830.208,1,0
107,107,ksk,253408,15001,465,40461 ,867,274547.0652,1,0
112,112,てってってー,10096.83333,310.5,533,40463 ,251,18393.52096,0,0.245940142
113,113,PC破壊用BGM,5915,94,13,40259 ,416,6202.532713,0,0.895361999
115,115,X.BGM推奨,34510.03093,1907.527813,225.0737793,40714 ,669.304253,39694.3641,0,0.631374107
121,121,お前が言ぁ,12316.6,473.2,55.6,40464 ,409.8,13606.36822,0,0.797645743
122,122,haru.,33356.33432,1430.479924,146.716812,40713 ,510.563576,36928.99024,0,0.061464506
126,126,Bitstar,376.5714286,13.42857143,12.42857143,40457 ,187.5714286,575.9804757,1,0
129,129,アニメ,33029,1445.962963,420.3703704,40240 ,370.3333333,40720.60194,0,0.511288491
130,130,haru,20852,754.3333333,45.66666667,40380 ,482.6666667,22265.05314,0,0.13244093
135,135,VOCALOID,1944.045455,83.5,63,40601 ,257.9090909,2969.210321,0,0.574381991
137,137,カオス,40624,1275,328.875,40703 ,580.25,46793.62851,0,0.511257409
145,145,_が俺はレア_,54602,406,132,40588 ,121,56985.01059,0,0.643441542
152,152,X3.00,1324.695396,1739.859142,400.7511943,40736 ,664.5085689,8202.274758,0,0.125541313
153,153,lemoN,24221,635,335,40251 ,564,29864.99329,0,0.672106918
154,154,X2ch,36928.54203,1316.190163,220.3153865,40721 ,482.1626956,41504.42583,0,0.25061764
157,157,アクション実況part1リンク,42468,756.5,729,40537 ,861,54146.4796,0,0.31733884
158,158,RPG実況part1リンク,477780,5139,12278,40253 ,523,667035.6691,1,0
165,165,スーパマリオブラザーズ,2018,105,20,40669 ,794,2417.855343,0,0.07751097
166,166,ELONA,12765.66667,338,158,40993 ,422.6666667,15465.05207,0,0.049609417
167,167,SEGA,10388.33333,360,83.33333333,41149 ,1093.333333,11986.36841,0,0.81501895
169,169,Ib,33128,1711.75,262.5,41209 ,729,38693.77706,0,0.331326893
172,172,AC?,15474.42857,306.8571429,80,40901 ,708.4285714,16975.34916,0,0.143757431
173,173,PCゲー_,27356.84615,666.3846154,253.5384615,40679 ,560,31810.60333,0,0.515258139
174,174,めくり実況レイPart1リンク,25069.32039,708.4466019,354.8543689,40840 ,810.8349515,31081.37678,0,0.511249832
177,177,X.勝率.打率,12316.03765,788.3465372,416.568985,40736 ,703.8455904,19306.95399,0,0.220443498
178,178,Hellsinker.,1563,47,21,40746 ,766,1923.645616,1,0
180,180,p主失踪シリーズ,81998,1835.142857,1564,40947 ,1036.142857,107253.7065,1,0
182,182,Oblivion,19166.5,549.75,77.75,40648 ,1008,20867.23148,0,0.84092421
183,183,CoD4,1963,116,33,40504 ,918,2567.628788,0,0.655219068
184,184,STG,35238.6,1321,145.4,40527 ,1106.4,38693.05768,0,0.829690309
194,194,SFC,11265.33333,370,55,40777 ,902,12448.6228,0,0.775725883
205,205,DS,12862,372,178,40898 ,750,15893.68208,0,0.222073267
207,207,F.E.A.R.3,40035,1113,704,40818 ,989,51678.4012,0,0.891444505
211,211,X7500,52923.77993,450.6603907,184.2004102,40701 ,623.2237013,56133.65447,0,0.148638074
212,212,TRPG,8429.911111,217.9777778,65.13333333,41197 ,682.6444444,9619.435636,0,0.511249832
218,218,めくりTRPG,28399.96954,682.7106599,362.5888325,41266 ,723.6751269,34505.68353,0,0.511249832
219,219,,36988.33333,646.8888889,288.7777778,41230 ,812.4444444,41955.85457,0,0.799613355
222,222,BBA_RUN,3301,147,14,41042 ,1181,3651.758232,0,0.925111361
223,223,クトゥルフ神話TRPG,38397.64423,904.0192308,502.75,41285 ,696.3076923,46822.3818,0,0.511249832
225,225,SW2.0,4445.666667,72.66666667,21,41258 ,334,4832.170069,0,0.110820085
226,226,X.帝モノガタリ.灯火の行く,12225.57559,1786.979237,309.1612422,40734 ,665.205482,18427.00473,0,0.369548401
229,229,アリアンロッ2E,36753.14286,834.5714286,133.8571429,41022 ,1212.857143,39577.10694,0,0.815547408
231,231,X50点さん,8032.743884,1977.956463,734.9068204,40724 ,726.7429201,20670.2179,0,0.539747432
233,233,OP_,61569,146,718,40963 ,130,72484.65858,0,0.0102029
234,234,クトゥルフ神話TRPG第一話リンク,43906.26316,805.6666667,890,41328 ,683.1929825,58047.69581,0,0.050613797
235,235,ASOBU,1915,65,12,41195 ,458,2157.879016,0,0.002570817
236,236,X.食事中の方は視にご注意下さ.,11035.4529,1456.775332,443.1697237,40747 ,706.8996661,18975.71308,0,0.26351392
237,237,クトゥルフ神話,17657.20833,448.0833333,229.5416667,41248 ,665.7083333,21537.466,0,0.852927876
243,243,X9.02から戦,27811.5572,951.5769716,251.1406247,40696 ,540.7697057,32499.03481,0,0.422413212
248,248,X4大邪神人気No.1ニャルタンKP講座,6291.67873,2140.630495,575.8633484,40732 ,745.1868581,16561.57704,0,0.247088015
249,249,ぽ主失踪シリーズ,15775.75,622.125,234.6875,41037 ,752.375,19894.91751,0,0.827080034
250,250,X.heartful.hurtful,10905.07307,2470.724589,411.7425104,40720 ,697.5923069,19109.18194,0,0.040796605
251,251,X5.17から戦,13961.69026,1430.929416,227.2035854,40739 ,721.4096875,18669.58625,0,0.406903381
252,252,GM涙拭けよ,20142,766,86,41201 ,831,22170.05125,0,0.367135861
253,253,bubudog,25627,633.5,61.5,41202 ,1005.5,27167.75335,0,0.639481076
255,255,キマシタワー,11981.66667,390,100,41260 ,423,13859.47103,0,0.137316842
257,257,TRPGリプレイ,26575.61538,396.6923077,384.6923077,41308 ,614.3846154,32736.94004,0,0.194234166
258,258,,43121,1239,201,41203 ,770,47340.55012,0,0.44194876
259,259,D.amp.Dガールズサイ,13314.3231,1185.41373,331.3929826,40737 ,522.0158108,19375.88452,0,0.148777593
260,260,X.死に行く頕.,8223.71949,1372.437119,223.1761258,40732 ,716.3021336,12751.9745,0,0.724282819
262,262,APP格差社,263404,7937,943,41204 ,1649,285254.6387,1,0
267,267,ッビ東方,7870.842105,199.0526316,51.73684211,40852 ,444.1578947,8841.068798,0,0.511250986
269,269,ｽｰ,11160,351,109,40455 ,481,13135.3975,0,0.66434996
270,270,BGMがネタバレ,153385,2460,455,40478 ,331,162631.2821,1,0
272,272,FME,13267,417,420,40483 ,372,19971.67094,0,0.921688968
273,273,めくり解説,19253.4127,605.1785714,208.6071429,40849 ,400.3690476,22969.44768,0,0.511249832
274,274,NASA,31603,574,154,40516 ,342.5,34476.80929,0,0.953979035
278,278,MOONLIGHT,81489,633,303,40559 ,161,86662.13874,0,0.904079038
281,281,E環_け最後までとっておく,72600,786,239,40582 ,231,76962.60888,0,0.423560885
282,282,ヂ.スター,39789.48483,1349.97727,294.776346,40698 ,626.8478901,45517.12341,0,0.576708415
283,283,カズ,60511,397,155,40586 ,181,63230.41891,0,0.479357309
285,285,こうもり序曲,53081,448,140,40591 ,190,55625.26034,0,0.484415732
287,287,オベロン,50177,283,117,40600 ,160,52213.41649,0,0.454739439
289,289,サ_ネイホイ,24444.68182,956.3636364,174.9545455,40725 ,669.3636364,27989.60232,0,0.511249832
290,290,ナカ,47759,396,132,40613 ,165,50131.75242,0,0.437824902
294,294,X2005_YU55,5820.850126,2146.010464,659.4315625,40726 ,817.7800535,17324.45912,0,0.944986476
299,299,X6.48止めることを推奨,11775.19096,1977.410871,649.5462857,40738 ,689.4158462,23224.29816,0,0.236030501
305,305,ガンプラ,6050.75,105.25,39.5,41303 ,400.75,6746.711999,0,0.193958838
308,308,welbike,8728,129,56,41371 ,266,9695.132952,0,0.00764591
314,314,インフレ,2029,70,24,41511 ,463,2456.691945,0,0.02738503
315,315,AOZ,8905,146,77,41514 ,288,10203.66477,0,0.15608494
319,319,3,18705,521,41,40254 ,601,19826.91161,0,0.478527974
320,320,BORDERBREAK,1006.4,83.2,3.6,40684 ,636.5,1137.267911,1,0
332,332,ACfa,4887.333333,236,19.66666667,40747 ,703.3333333,5407.503856,0,0.218264312
333,333,PS,2669.6,83.2,24,40781 ,672.4,3110.307116,0,0.51182113
339,339,ウルヲイ,52591.5,4787.5,154.5,40408 ,1327.5,59298.12069,0,0.995238086
341,341,ACE2,34896,1517.5,81.5,40857 ,1658,37572.90077,0,0.995288725
348,348,akazome,2840,133,10,40821 ,854,3117.070064,0,0.746264369
354,354,ACE,28790.66667,490,56.66666667,40437 ,558.3333333,30122.48256,0,0.769486348
358,358,haru..めくり怪.,3308.147439,1632.648525,431.2380185,40731 ,827.5190609,10913.17779,0,0.209913074
359,359,X.....,20196.66834,1036.940625,117.1898491,40752 ,836.7214443,22941.09578,0,0.29362907
367,367,こっくり,13404.5,1033.5,76,40402 ,532.5,15504.40745,0,0.3470293
371,371,J.....破...,11056.9057,1502.81782,406.3449182,40734 ,750.0896383,18480.71486,0,0.165223041
380,380,ﾅｼﾅｰ,9567,452.8,66.8,40599 ,843.8,11001.47325,0,0.973099183
386,386,インド人にビックリ,9795,145,50,40152 ,92,10687.8954,0,0.254900811
389,389,DigInfo_TV,10743,442,81,40725 ,260,12382.65897,0,0.785703289
391,391,カイザーP,14454.66667,440.6666667,129.6666667,41260 ,390.3333333,16827.40907,0,0.0415809
392,392,MikuMikudance,8832.4,230.05,89.95,41188 ,500.35,10405.91758,0,0.511249839
400,400,X2倍速動画,10264.11694,2219.40074,17.80327432,40717 ,731.4793779,12356.54926,0,0.05295444
408,408,きめへ,4733.285714,188.2857143,95.42857143,41185 ,653.2857143,6345.933723,0,0.059990048
417,417,,1033,88,32,41365 ,782,1594.283608,1,0
419,419,.,7207.349408,1509.015402,433.1144505,40738 ,712.9180217,14964.20101,0,0.465952596
422,422,Death_House_the_Final_Nightmare,11580,631,15,40506 ,695,12403.43326,0,0.681618607
427,427,X.ぁのなかにあ.,1705.001505,2158.114851,692.5017546,40731 ,702.2766112,13228.28751,0,0.354837612
428,428,きんに.ゲー_実況.,33769.20607,429.7209694,178.2791511,40711 ,535.8133093,36867.74272,0,0.034051967
429,429,X.かっせる,11415.8989,1742.744963,689.7708592,40734 ,640.5237115,23285.89212,0,0.31817857
435,435,SGB,81156,1515,232,40435 ,621,86123.31433,0,0.664601387
437,437,Rainbowsix,17245,552,48,40451 ,541,18499.92496,0,0.143704807
445,445,EAT_LEAD,38212,2240,122,40478 ,835,42158.3346,0,0.908349233
456,456,DQN虐殺,83362,3089,342,40496 ,1018,91471.06117,0,0.914899191
461,461,X._....ﾅｼﾅｰ,37605.05166,810.6781785,242.1791828,40695 ,635.7333454,42031.4172,0,0.099121893
462,462,Mount.amp.Blade,31356.44468,1469.909083,142.8296453,40692 ,517.1507906,34903.26353,0,0.061944572
463,463,JONY,17531,1081.5,72.5,40592 ,1288.5,19637.40207,0,0.962054301
465,465,ヂール,324270,20342,772,40502 ,948,354993.922,1,0
467,467,DeadSpace,361228,33452,2629,40672 ,1390,431298.461,1,0
471,471,ruina,10038,450,99,40704 ,1127,11953.87277,0,0.966492785
472,472,アミバ,9101,511,50,40679 ,1414,10334.97444,0,0.979085478
475,475,RPGヂール,38662.75,1745.5,447,40726 ,1055.5,47038.67525,0,0.803686436
480,480,X2.56,15465.20443,1948.064366,247.6263807,40729 ,875.5451029,20912.78555,0,0.649903494
481,481,てるもこ永_の輝き,19831.5,392,434,40522 ,209.5,26726.06135,0,0.571038735
482,482,GTASA,2576,78.5,18.5,41457 ,962.5,2929.694632,0,0.463138514
483,483,X.安全運転.危険運転,6324.872853,1097.565683,376.3949195,40739 ,771.6749038,12913.89686,0,0.355727558
484,484,,12488.66667,453.6666667,103.6666667,40715 ,954,14481.55736,0,0.98683058
485,485,MMDドラ,22675.66667,485.5,174.5,41379 ,246.6666667,25768.56581,0,0.30598371
486,486,SF,2432.875,93.9375,36.625,41686 ,576.9375,3072.745148,0,0.187704676
488,488,めくり劇_,32292.85841,814.9115044,303.0973451,41163 ,601.7876106,37634.3539,0,0.511249832
489,489,X30代ホイホイ,12066.21814,1907.099305,606.134738,40721 ,672.6517216,22815.87593,0,0.38068245
490,490,さとりんのカリスマ改悟室,39960,829.5,167.5,39875 ,123,43285.20018,0,0.049796152
492,492,NEW_蓬莱ZUN,21554,908,335,40231 ,517,27450.83454,0,0.711467119
493,493,sims3,25951.66667,1255.666667,227,41102 ,1124.333333,30554.8616,0,0.162513318
495,495,あらかわぁ,23303.5,426.5,97,40456 ,198,25177.36571,0,0.644571901
498,498,アイ.マイ.まあ.,36941.66467,1719.904891,173.6878798,40695 ,539.1813665,41190.71798,0,0.441364862
499,499,がバイド化,222308,5764,754,40500 ,1204,239236.808,1,0
500,500,ShootingGameBuilder,333,128,6,40674 ,1715,515.9164882,1,0
501,501,X.審議中.,1204.860913,2094.417087,481.9894238,40710 ,913.6105396,9369.036654,0,0.756315268
502,502,MMR,18739,622,111,40731 ,238,21006.13127,0,0.082367423
504,504,ニコニコ休所,48204.55556,818.7777778,191.3333333,40429 ,200.2222222,51879.71144,0,0.884614581
505,505,めくりラジオ,17433.14286,519.1428571,128.4285714,40553 ,468.1428571,19863.80839,0,0.510128558
508,508,まんじゅうこわ,24930.5,511.5,433.5,40524 ,1504,31934.3888,0,0.996908003
510,510,そっと評価されるべ,12144.33333,363.1666667,224.5,40613 ,293.5,15864.64106,0,0.315812296
511,511,ハロワ,15909,409,60,40532 ,2112,17207.78624,0,0.991253599
512,512,かわぁ...,20335.73276,2212.762526,359.7918331,40732 ,755.0661873,27731.63712,0,0.180395009
514,514,へぁも,13365,231,55,40567 ,1212,14417.09106,0,0.99160898
515,515,Better_Life,10851,696,66,41195 ,861,12495.28675,0,0.024860413
516,516,どら痛,10081.2,224.4,201.2,40576 ,370,13318.80736,0,0.294119221
518,518,swf,2413.5,45.5,10,40012 ,71.5,2608.161503,0,0.056374852
520,520,KYM,2573,91,6,40335 ,321,2750.898502,0,0.227338735
521,521,X.作者相対時間で半年で,18315.86868,1508.14814,267.9266155,40705 ,670.6604692,23729.71094,0,0.532908642
522,522,UTAU,32287.54839,1223.129032,919.2258065,40615 ,308.0322581,47255.61262,0,0.54264696
540,540,X.歌_.お,5546.568945,1335.912114,186.7520704,40737 ,594.1061778,9431.307408,0,0.812363733
546,546,,2029,242,33,39720 ,156,2740.581597,0,0.02258441
548,548,JOYSOUND配信中,583804,19225,8779,39729 ,163,734109.8879,1,0
555,555,YUKKULOID,22852.33333,474.3333333,957.6666667,39794 ,179.6666667,37682.40176,0,0.939662643
556,556,さるの,1595.333333,87.66666667,11.66666667,40639 ,816.3333333,1853.464922,1,0
558,558,MGS,3780,111,25,39777 ,556,4262.853677,0,0.259950809
562,562,SPY,13944,599,205,39785 ,303,17593.67121,0,0.405710407
564,564,mmmboP,55970.33333,1228.666667,2363,39807 ,244.3333333,92618.65461,0,0.338357265
566,566,アフレコ,124438.5,3033.5,871.5,40352 ,625.5,140472.8008,1,0
567,567,_ぁぁって,8704,267,88,39790 ,155,10283.13059,0,0.846109563
568,568,アイドルマスター,2602.222222,94,45.77777778,41317 ,461.8888889,3379.666423,0,0.511578162
569,569,くろりち,19699.66667,702.1666667,272.3333333,40874 ,369.5,24462.98531,0,0.369605028
572,572,X.オ.禁符.鬼に肉.,21776.38534,1410.045852,178.3027696,40710 ,532.7106329,25775.87742,0,0.475593729
576,576,BL,1123.5,35,17.5,40105 ,403,1419.958333,1,0
579,579,で良,37082,2388,497,39836 ,540,46782.31869,0,0.126622346
581,581,X3雲,12130.28932,835.2949402,237.221478,40739 ,795.5221626,16471.06027,0,0.934328535
582,582,ヂスト読み上げシリーズ,9901,757.3333333,183.6666667,40009 ,396,13360.43223,0,0.873304162
624,624,サ_ネバイバイ,13714.93333,607.6666667,59.4,40650 ,657.7333333,15187.92493,0,0.530869197
654,654,yumeyume,12420.6,384.2,46.4,40705 ,794.2,13489.31394,0,0.599157497
661,661,めくり実況レイ,17360.38517,693.377921,112.825141,40947 ,813.8960516,19719.67553,0,0.511249832
668,668,グラヂウス,7685,278,64,40739 ,671.5,8913.371995,0,0.332241708
677,677,HANASU,3548,37.66666667,54,40948 ,267,4395.276857,0,0.00000197
678,678,バイク,8766.346154,180.5512821,48.42307692,41078 ,525.8589744,9669.619621,0,0.539113849
684,684,チル,3130,117.5,41.875,40546 ,499.75,3871.427774,0,0.790207569
690,690,ーリング,7875.56,153.72,34.64,41124 ,577.36,8545.949683,0,0.017182614
700,700,めくり車,7478.762963,189.3333333,48.93333333,40921 ,543.6222222,8397.451101,0,0.077910178
715,715,めくり実,4062.961977,176.6387833,24.15209125,41027 ,564.0912548,4594.564336,0,0.511249832
748,748,めくり解説Part1リンク,21887.44853,897.8014706,319.6838235,40833 ,492.4632353,27545.62097,0,0.511249832
761,761,ありがと,78462.66667,3470.333333,607,40537 ,967,90892.0924,0,0.695846086
781,781,X2ch.1,26341.18797,391.7213651,254.3096013,40694 ,598.859223,30541.86749,0,0.476347705
844,844,めくり旅,6566.883929,210.1339286,52.14285714,41222 ,583.0089286,7552.694874,0,0.239734505
845,845,ニコニコ海外旅,4586.131579,195.1052632,34.5,41115 ,521.7105263,5290.832327,0,0.049387821
902,902,TRPGオリジナルリプレイ動画リンク,3083,149.25,54,41390 ,891.5,4035.471586,0,0.719662269
912,912,ソードワール2.0,6998,103.5,41.5,41222 ,490.5,7722.500315,0,0.090697823
936,936,WII,105808,4917,487.5,40576 ,1072.5,117820.1064,1,0
937,937,DIEジェス,3680,271,13,40776 ,1449.333333,4127.473007,0,0.979794969
944,944,,27876.33333,353.3333333,48.33333333,40985 ,730.3333333,28950.25177,0,0.236845954
999,999,イヤホン推奨,27807,1559.333333,79.66666667,40581 ,908,30478.75776,0,0.970225704
1029,1029,VOCALOID.UTAUカバ曲,23348.68367,1564.96056,243.3705805,40689 ,664.5310285,28466.85031,0,0.353321114
1070,1070,シモエル,34387.16667,626.3333333,98.5,40473 ,965.5833333,36479.82737,0,0.867729193
1072,1072,お絵かき講座,15627,501,925,40393 ,933.3333333,29988.28112,0,0.622737266
1073,1073,アーダン一人クリア,9328.333333,231.6666667,48,40329 ,820,10274.41409,0,0.810090779
1077,1077,windows_ービメーカー,19314,599,1051,40450 ,363,35660.8849,0,0.091968318
1079,1079,ボダーブレイク,696.5833333,54.16666667,2.916666667,40802 ,653.875,790.6069954,1,0
1084,1084,ッンズソウル,2644.071429,52.64285714,22.35714286,40198 ,673.7857143,3031.052232,0,0.217511413
1085,1085,アンパンマン.,15970.77307,1921.272038,273.027308,40745 ,761.71797,21784.24683,0,0.382966808
1106,1106,Ohio,366,19,5,40745 ,280,459.074359,1,0
1111,1111,X.じゃなぃル,12130.03011,1741.023628,8.375650714,40723 ,729.3812259,13778.296,0,0.038385452
1113,1113,VT250シリーズ,420,27,2,40972 ,780,475.376392,1,0
1115,1115,ポケモン,28826.75,908.875,234.875,40792 ,804.375,33231.18777,0,0.79091956
1117,1117,フォーゼ,2148,81,58,40973 ,307,3096.131176,0,0.27102111
1128,1128,ぁろ少年忌,253408,15001,465,40461 ,867,274547.0652,1,0
1135,1135,おちも機,6428.6,331.6,49.2,40321 ,22,7482.051946,0,0.241437412
1142,1142,ガオガイガー,2177,47,7,40407 ,371,2328.009861,0,0.175986201
1146,1146,これがやりたかっただけだろシリーズ,120840,3124,1090,40549 ,496,140235.9587,1,0
1149,1149,ニコニコ手芸部,1249.090909,72.72727273,14,40467 ,298.8181818,1527.858619,1,0
1154,1154,ファイアーエ_ブレ_,7065.166667,188.1666667,31.83333333,40406 ,556.6666667,7725.973226,0,0.457517869
1157,1157,N好きに定評あるめくり,24221,635,335,40251 ,564,29864.99329,0,0.672106918
1164,1164,MinecraftシリーズPart1リンク,24297.41176,527.8529412,443.4117647,40932 ,657.7941176,31465.41453,0,0.209192767
1166,1166,omake,17534,427,235,41040 ,300,21475.97972,0,0.022554174
1168,1168,Ib実況part1リンク,147683,6815,1766,41042 ,980,180690.7836,1,0
1171,1171,アーマドコア,4122.111111,157.3333333,50.11111111,40890 ,720.4444444,5025.393716,0,0.403463346
1174,1174,スパロ,2133.083333,91.66666667,12,40773 ,1265.25,2400.993309,0,0.487343233
1179,1179,メダロッ,16729,714,132.4,40700 ,908.8,19399.99378,0,0.855409563
1181,1181,オブリビオン,2958.666667,162.3333333,13.66666667,40696 ,1159.333333,3317.593329,0,0.827953655
1182,1182,ぽ主はドＭ,1963,116,33,40504 ,918,2567.628788,0,0.655219068
1183,1183,Wiiウェア,14085,525,127,40505 ,1091,16496.29708,0,0.943063733
1196,1196,パワプロ,17588.66667,753.3333333,155.3333333,41023 ,1354.833333,20641.3193,0,0.96838586
1199,1199,MH3G,12862,372,178,40898 ,750,15893.68208,0,0.222073267
1201,1201,,40035,1113,704,40818 ,989,51678.4012,0,0.891444505
1203,1203,Minecraft建築部,10627,281.5,214.5,41044 ,980,14118.87582,0,0.7296667
1205,1205,音楽,7451.097826,257.326087,199.2934783,40555 ,236.423913,10689.4524,0,0.511249832
1209,1209,ぁたり,57707,2180,221,41043 ,1008,63122.93565,0,0.779673171
1211,1211,オリジナル卓リンク,1884.333333,83.66666667,44.66666667,41126 ,748,2634.521972,0,0.450777155
1212,1212,SAN値直ソング,42641,969,138,40955 ,1384,45658.53705,0,0.977079723
1214,1214,X.д..1,8329.543135,1072.060427,418.4222943,40736 ,437.7040427,15560.90024,0,0.110250104
1215,1215,ウガァ.クトゥン.ユ,15604.10226,1854.571214,363.3444577,40727 ,804.2837805,22715.85241,0,0.39443821
1221,1221,アイギス.早,8417.182115,1175.091876,295.7800009,40727 ,719.1193987,13889.32662,0,0.178706655
1223,1223,X.こ卓全年齢対象で,15445.30653,1574.884527,133.8638436,40730 ,645.3922812,18883.56125,0,0.181133009
1227,1227,オリハルコンメンタル,59652,3561,301,41202 ,1127,67528.34762,0,0.946647032
1229,1229,アンッセン神父,43121,1239,201,41203 ,770,47340.55012,0,0.44194876
1231,1231,ｼｰ,13887,864,61,41203 ,1584,15615.60194,0,0.986668283
1233,1233,キチガイ,91925,3189,481,41210 ,999.25,102222.6166,1,0
1236,1236,APヘタリア自由研究,6369.5,191,29.5,40288 ,463,6997.464188,0,0.913148997
1238,1238,ほっ時,12174.16667,502.6666667,136,40666 ,495.1666667,14697.11297,0,0.264566057
1239,1239,パフェクト秋姉妹,11160,351,109,40455 ,481,13135.3975,0,0.66434996
1240,1240,X.注.4.58音,31074.90382,1321.948556,229.9700482,40697 ,580.5765393,35792.8414,0,0.893206887
1241,1241,FMEAutomator,13267,417,420,40483 ,372,19971.67094,0,0.921688968
1242,1242,めくり解説単発リンク,4112.633333,123,87.63333333,40857 ,348.1333333,5546.633896,0,0.511249832
1243,1243,ジェバン,33812,491,214,40515 ,222,37506.01559,0,0.725477815
1244,1244,p主怒りの演説,29394,657,94,40517 ,463,31446.68091,0,0.940355856
1248,1248,Saturn,72600,786,239,40582 ,231,76962.60888,0,0.423560885
1249,1249,ネタばかり,68121,673,192,40584 ,167,71667.43448,0,0.444283586
1250,1250,ッィス,60511,397,155,40586 ,181,63230.41891,0,0.479357309
1252,1252,フェー,53081,448,140,40591 ,190,55625.26034,0,0.484415732
1254,1254,シェイクスピア,50177,283,117,40600 ,160,52213.41649,0,0.454739439
1256,1256,ハウメア_.準惑.,31942.64073,829.1432062,206.526779,40683 ,474.5304454,35848.83924,0,0.534410377
1258,1258,VOCALOID食_入,9209.5,369.5,273.5,40442 ,168.5,13667.64258,0,0.101431744
1264,1264,めくり朗読,4526.384236,210.0295567,46.12807882,41010 ,400.7635468,5419.111341,0,0.511249832
1271,1271,X..動画に出てきた折り畳みバイクで,17305.14249,1874.101683,266.1271382,40733 ,636.3757159,22990.52949,0,0.037760563
1276,1276,UC,8905,146,77,41514 ,288,10203.66477,0,0.15608494
1278,1278,アーマドコア,18705,521,41,40254 ,601,19826.91161,0,0.478527974
1281,1281,ゴッエンペラー,51482,2326,123,40670 ,1429,55552.68152,0,0.990255379
1283,1283,ガンパレー.マ,20145.21205,2026.784895,495.5600676,40732 ,687.8136678,29424.17609,0,0.233712778
1284,1284,めくりロボット物実,5621.398601,250.5524476,26.0979021,40765 ,770.9020979,6252.775971,0,0.511249832
1291,1291,つんでれん,1421.5,93,6,40466 ,390,1598.81174,1,0
1295,1295,ADAありがたさが刁る動画,33525,1441,87,40896 ,1730,36211.76168,0,0.989224351
1301,1301,ADAの人,31232.8,901,66.6,40605 ,998.2,33107.5891,0,0.795993289
1302,1302,GPM,2840,133,10,40821 ,854,3117.070064,0,0.746264369
1305,1305,ADAさんに責められる,29924,581,59,40437 ,556,31378.9556,0,0.383176059
1311,1311,X.肝試し後に....,21694.90817,1541.304198,349.6151716,40718 ,686.6266642,28379.71765,0,0.171436511
1312,1312,もっと評価されるべ,8851.055556,292.8333333,136.9888889,40783 ,656.8777778,11189.48265,0,0.511249832
1313,1313,コワバナ,9592,519,59,40468 ,523,10969.51416,0,0.404635925
1314,1314,ホラー,7747.934426,346.7540984,22.3442623,41568 ,615.5655738,8415.039361,0,0.108716771
1315,1315,これはひど,35294.38462,1232.461538,559.6153846,40548 ,400.2307692,44880.11962,0,0.616296821
1323,1323,めくり怪,6301.07563,187.9187675,25.42577031,41446 ,396.4033613,6864.960138,0,0.511249832
1325,1325,ぁもと同じ迷,4072,176,16,40674 ,556,4480.73546,0,0.144931612
1330,1330,きまぐれの人,5119.409091,93.86363636,23.36363636,40765 ,170.4545455,5562.044822,0,0.253517584
1336,1336,クトゥルフ神話,22618.33333,262.3333333,556,41297 ,477.3333333,31217.73029,0,0.102433646
1337,1337,めくりボイス,4485.082707,95.37593985,33.60902256,41109 ,461.6315789,5082.622499,0,0.511249832
1343,1343,オリエント工業,10743,442,81,40725 ,260,12382.65897,0,0.785703289
1353,1353,アイザヂ.アシモ,8651.858013,1833.625177,617.506907,40735 ,763.3121974,19445.26915,0,0.435133425
1355,1355,MMD,1606,91,7.5,41357 ,652.75,1804.641684,1,0
1359,1359,X.スカイライナ.スカイランナ,12151.1935,1097.048268,441.7942316,40723 ,710.1700821,19787.2435,0,0.440459593
1362,1362,MMD紙芝,18215.75,377,142.875,41373 ,313.625,20728.28897,0,0.640876509
1370,1370,RPGに定評あるゆっくり,9175,558,51,41043 ,1027,10466.17621,0,0.290041884
1375,1375,ｪﾛﾛｫﾉｫﾅｰ,26220,1659,179,40819 ,1146,30465.90744,0,0.846170664
1376,1376,ﾅｼｰ.,12783.93281,1162.278045,543.414748,40750 ,903.3026652,22004.20052,0,0.730720712
1383,1383,お疲レインボ,17245,552,48,40451 ,541,18499.92496,0,0.143704807
1384,1384,ごま_,9883.5,378,134.75,40582 ,816.75,12269.0062,0,0.736383461
1387,1387,コンボイの,3847,200,6,40464 ,1068,4127.130767,0,0.975342029
1398,1398,お局の人,83362,3089,342,40496 ,1018,91471.06117,0,0.914899191
1402,1402,アクションに定評あるめくり,15036,795,54,40499 ,1295,16601.21246,0,0.970919724
1403,1403,ケチめし,324270,20342,772,40502 ,948,354993.922,1,0
1413,1413,VIPRPG,5691,93,17,40681 ,948,6037.50905,0,0.853886414
1418,1418,ナイ2000,9947,314,69,40910 ,850,11286.45537,0,0.48059186
1419,1419,お米たろ.めくり声.,9431.480052,1116.596044,92.68305757,40745 ,596.3683673,11821.15112,0,0.171160902
1420,1420,マザコン,1996,90,21,41679 ,342,2397.155672,0,0.020704451
1421,1421,エドモン.ハミルトン,29154.73407,1691.770983,167.4791035,40700 ,504.7961829,33266.40778,0,0.195213083
1422,1422,スターキング,1652.5,119.375,31.375,41868 ,561,2234.597385,0,0.053363536
1423,1423,東方,16382.69945,445.5519126,197.8469945,40687 ,448.9781421,19784.29674,0,0.511249832
1424,1424,X3.38.,21752.53323,1292.211602,574.0951334,40736 ,678.6823601,31585.47358,0,0.343473243
1425,1425,オブシヂアス,374,19,5,42290 ,282,467.0929648,1,0
1426,1426,さとり教育,33165,893.6666667,185.3333333,39982 ,273,36815.34462,0,0.137136789
1427,1427,カリスマ教師.さと,27326.18556,882.7268805,218.016644,40710 ,576.0709197,31451.75123,0,0.453088026
1428,1428,sims劇_,27389,906.5,164,41118 ,1000.5,30726.62591,0,0.07046934
1433,1433,カビキラー,19085,824,117,40707 ,280,21630.09528,0,0.123074514
1434,1434,Xファイル,18739,622,111,40731 ,238,21006.13127,0,0.082367423
1439,1439,R.TYPE_FINAL,17287.65148,1229.370368,194.4477385,40724 ,686.8982831,21352.96653,0,0.088128961
1449,1449,ハトフルボッコ,11267.5,379.5,78,41201 ,760,12804.71682,0,0.677149834
1453,1453,ここは俺に任せてお前ら寝ろ.,21685.70568,1230.599092,74.91826876,40723 ,786.2510488,23974.21131,0,0.479839648
1454,1454,ッヨ,200277,6521.666667,2960.333333,40255 ,439.6666667,251000.9,1,0
1455,1455,アストロノカ,2573,91,6,40335 ,321,2750.898502,0,0.227338735
1457,1457,ミクオリジナル曲,1090.571429,30.71428571,44.85714286,40548 ,219.7142857,1793.333894,1,0
1459,1459,こっちみんな,16212.8,391.6,47.6,40901 ,612.8,17309.19086,0,0.738403459
1473,1473,そらエラーも発生するわ,12202,701,83,39673 ,180,14110.15917,0,0.785248253
1476,1476,みっくりしてぁてね...,17901.40797,927.3590373,255.5001334,40696 ,586.9642715,22616.20598,0,0.90549765
1477,1477,pop.nでパロ,11087.25628,2063.003231,507.38491,40727 ,673.2219062,20449.4141,0,0.017771883
1488,1488,THE_FINAL_APOCALYPSE,3780,111,25,39777 ,556,4262.853677,0,0.259950809
1490,1490,ザメ,13944,599,205,39785 ,303,17593.67121,0,0.405710407
1491,1491,there.mmmboP.,23900.61838,1146.993086,133.3050778,40693 ,610.1097649,26994.94199,0,0.247823247
1492,1492,ドゥ.エッ,50206.46276,1516.762563,157.0128435,40709 ,796.2377974,54034.07414,0,0.954084453
1494,1494,アウトとセーフ墕,22114,1067,222,40950 ,574,26462.35286,0,0.234454614
1498,1498,ニコニコ初等学校,11894,1089,269,39884 ,386,16928.51004,0,0.885331906
1507,1507,シュール,8605.6,417,63.2,40549 ,1162.6,9951.461454,0,0.970567825
1513,1513,めくり評価されるべ,9439.644578,385.6807229,78.5060241,40692 ,673.9096386,10987.89626,0,0.511249832
1590,1590,スパダ,593,35.33333333,3,40970 ,806.3333333,671.3558606,1,0
1715,1715,旅,5467.045977,198.3793103,44.96551724,41212 ,599.7241379,6333.016337,0,0.039778852
1723,1723,ｵｽﾝｸｻﾝｼｪｽﾝｸ_,23646,555,130.5,40892 ,581.75,26145.84048,0,0.663266893
1740,1740,アサルトエンジン,5503.5,196,138.5,41319 ,654,7770.419664,0,0.105237705
1746,1746,エンドブレイカー.,9271.114595,1226.719781,209.4718648,40741 ,800.5649983,13499.36893,0,0.49035915
1749,1749,めくり,15984.06897,392.9655172,155.0344828,41263 ,672.4827586,18693.21098,0,0.7766812
1752,1752,めくりTRPG第一話リンク,31752.25641,604.0940171,640.5726496,41365 ,693.3076923,41953.88067,0,0.529696811
1756,1756,ダブルクロス,8492.727273,203.7272727,58.54545455,41324 ,752.2727273,9569.895667,0,0.24745604
1782,1782,ヤンッ,58156.81818,4258.818182,173.3636364,40498 ,820.2727273,64726.30305,0,0.919284947
1784,1784,プレイpart1リンク,6357,145,35,40642 ,782,7023.783693,0,0.119150828
1789,1789,めくり実況レイ単発リンク,13161.00926,642.3148148,60.62962963,40763 ,801.462963,14683.01017,0,0.403932417
1792,1792,フリーゲー_,8596.416667,494.3333333,42.25,40730 ,915.1666667,9697.743683,0,0.511434289
1875,1875,きゅっきゅっきゅっニャー,20199.25,962.75,125.75,40542 ,887.25,23004.70911,0,0.287316494
1883,1883,サ_ネトゥートゥー,435,17,1,40395 ,408,466.3620309,1,0
1887,1887,WMM,19314,599,1051,40450 ,363,35660.8849,0,0.091968318
1895,1895,ガンダ_00,3192,53,22,40138 ,599,3574.14019,0,0.551527716
1896,1896,めくり料理教室,2656.068966,106.0344828,23.03448276,40496 ,303.862069,3103.583794,0,0.511250343
1897,1897,めくり料理メイキング,637,43,7,40789 ,280.2222222,782.3085881,1,0
1903,1903,ココナッ.シーフドカレー,42441.09371,1195.285493,203.0196827,40712 ,599.1180687,46649.08487,0,0.07813561
1912,1912,Player,366,19,5,40745 ,280,459.074359,1,0
1913,1913,めくり実況クヂング,2869.25,120.25,37.75,40660 ,427.25,3550.973367,0,0.069279949
1922,1922,ベイズの定理,2148,81,58,40973 ,307,3096.131176,0,0.27102111
1928,1928,めくり料理,1117.6,79.2,10.2,40456 ,229.6,1344.603115,1,0
1929,1929,インフィニット血便,253408,15001,465,40461 ,867,274547.0652,1,0
1932,1932,ラジオ,279.1538462,24.61538462,3.192307692,41174 ,235.5384615,349.6799274,1,0
1941,1941,フライング,4981,106,24,40321 ,22,5444.801604,0,0.08217995
1945,1945,歌ってみ,4541.529412,224,63.76470588,40338 ,146.1764706,5711.610076,0,0.248179553
1947,1947,タイトル落ち,20607,814,46,40399 ,523,22080.13421,0,0.195639695
1951,1951,コンセン,2177,47,7,40407 ,371,2328.009861,0,0.175986201
1952,1952,ヘッドン推奨,7836,296.6666667,133,40558 ,341.3333333,10117.01887,0,0.047478989
1956,1956,めくりが自作回文を読んでくれ,1145.833333,77.66666667,18.33333333,40347 ,208.3333333,1493.642576,1,0
1961,1961,ヂスター,120840,3124,1090,40549 ,496,140235.9587,1,0
1962,1962,めくりMAD,5690.833333,1407.833333,47,40762 ,500.3333333,7526.296508,0,0.189630656
1968,1968,エネゴリくん,24221,635,335,40251 ,564,29864.99329,0,0.672106918
1969,1969,ポケモン実況part1リンク,477780,5139,12278,40253 ,523,667035.6691,1,0
1971,1971,スーパキノコブラザーズ,2018,105,20,40669 ,794,2417.855343,0,0.07751097
1972,1972,ぁぷぬ,57380,1967,871,40670 ,1208,72347.74863,0,0.959103759
1982,1982,ぽ主はドジっ,1963,116,33,40504 ,918,2567.628788,0,0.655219068
1983,1983,ぽ主はバクッアン,14085,525,127,40505 ,1091,16496.29708,0,0.943063733
2005,2005,めくり実況レイpartリンク,8825.25,174.25,108.25,40683 ,980.5,10619.91624,0,0.259084624
2006,2006,VOICEROID実況レイPart1リンク,12862,372,178,40898 ,750,15893.68208,0,0.222073267
2010,2010,Minecraft自宅紹介シリーズ,10627,281.5,214.5,41044 ,980,14118.87582,0,0.7296667
2012,2012,クトゥルフ神話TRPGのような何か,13735.4,382,35.8,41009 ,307.2,14644.08968,0,0.022777588
2014,2014,グール,3301,147,14,41042 ,1181,3651.758232,0,0.925111361
2015,2015,パラサイトブラッ,4391.6,143.6,44.4,40909 ,811,5196.697214,0,0.416363623
2016,2016,きれへ,57707,2180,221,41043 ,1008,63122.93565,0,0.779673171
2017,2017,クトゥノイア,81154,1018,941,40964 ,387,96274.53114,0,0.035088571
2018,2018,これはひどあトゥル,136541,3738,1718,40965 ,1090,165950.599,1,0
2023,2023,TRPG準備体操,8548,483,61,41199 ,1080,9920.341289,0,0.432637024
2024,2024,ダチョウ,10946,460,35,41202 ,736,11912.50511,0,0.020757574
2026,2026,ｬ,43121,1239,201,41203 ,770,47340.55012,0,0.44194876
2027,2027,クラシヂD.amp.D,16738.99837,994.3120549,464.154615,40737 ,873.8354914,24641.3003,0,0.681385604
2028,2028,UV様ぁも楽しそぁぁよな,112118,2213,191,41204 ,856,117153.2364,1,0
2030,2030,AxisPowersヘタリア,6369.5,191,29.5,40288 ,463,6997.464188,0,0.913148997
2031,2031,グリーゼ581g,153385,2460,455,40478 ,331,162631.2821,1,0
2032,2032,優等,5562,399,180,40515 ,641,8635.075721,0,0.800194776
2033,2033,地兰イホイ,40989,331,153,40973 ,352.5,43612.35826,0,0.725896032
2034,2034,太陽系,58950.89474,572.3684211,244.4736842,40625 ,195.1052632,63184.88711,0,0.567148952
2036,2036,パックマン,68121,673,192,40584 ,167,71667.43448,0,0.444283586
2037,2037,バンジージャン,60511,397,155,40586 ,181,63230.41891,0,0.479357309
2038,2038,メンッスゾーン,51530,265.5,129.5,40599 ,159,53736.64246,0,0.449282226
2039,2039,シミュラクラ現象,50177,283,117,40600 ,160,52213.41649,0,0.454739439
2041,2041,ヒイアカ,47759,396,132,40613 ,165,50131.75242,0,0.437824902
2042,2042,ぁ.ぁすぎ,40117.11672,1722.54095,219.7810853,40709 ,601.4553633,45065.82742,0,0.115269125
2044,2044,セウ,16147,364,101,40776 ,252,18018.02408,0,0.492136057
2048,2048,さらにヂスプレイを倒す事を推奨,11671,439,128,40910 ,518,14014.25225,0,0.069761173
2049,2049,政治,3248.545455,154,90.45454545,41143 ,332.7272727,4752.574058,0,0.010657722
2052,2052,バザ_,6484,82.33333333,48,41334 ,285,7285.308471,0,0.119038743
2059,2059,ッ,51482,2326,123,40670 ,1429,55552.68152,0,0.990255379
2064,2064,お疲れ.リンクス,13612.25194,658.1124771,446.2614704,40718 ,727.1878765,20934.85636,0,0.407559911
2076,2076,ガンパレードー,2840,133,10,40821 ,854,3117.070064,0,0.746264369
2087,2087,オレオレ詐欺,4177,103,10,40346 ,184,4427.52704,0,0.092245005
2089,2089,オカンはアカン,18356,735,38,40419 ,468,19632.75885,0,0.211462751
2095,2095,チンの人,16283,574.5,42.5,40493 ,416.75,17475.4704,0,0.323028457
2100,2100,体験,4073.666667,150.5,14.33333333,40771 ,528.5,4433.822736,0,0.032924883
2109,2109,めくり怪諂リーズPart1,6808.25,143.875,80.75,40523 ,217.25,8160.431678,0,0.198444247
2112,2112,ゲイ,5962,175,34,40812 ,176,6642.037271,0,0.020010656
2114,2114,怪,6877.014085,230.1408451,20.91549296,41119 ,405.4507042,7413.456869,0,0.511249832
2115,2115,めくり怪諼所,8448,388.75,91.75,40856 ,416.25,10196.07369,0,0.069891097
2122,2122,めくり霊夢,4828.466667,158.8,36,40743 ,280.8,5522.246539,0,0.51125019
2124,2124,ダッワイ,10743,442,81,40725 ,260,12382.65897,0,0.785703289
2127,2127,タイトルホイホイ,16530.5,468.5,188.5,41159 ,363.75,19813.72954,0,0.396956034
2132,2132,働くめくりシリーズ,44714,317,261.6,40651 ,100.4,48952.78134,0,0.283769987
2135,2135,カルネジハ,1606,91,7.5,41357 ,652.75,1804.641684,1,0
2141,2141,エンドブレイカー,374.5,11,1.5,41358 ,262,407.6873385,1,0
2145,2145,めくり実況レイ最終回リンク,25591.55462,1488.882353,104.0252101,40619 ,1016.941176,28559.26962,0,0.511249832
2148,2148,RPG厨の人,9175,558,51,41043 ,1027,10466.17621,0,0.290041884
2152,2152,ペチャパイ,26220,1659,179,40819 ,1146,30465.90744,0,0.846170664
2162,2162,トランスフォーマ,3847,200,6,40464 ,1068,4127.130767,0,0.975342029
2172,2172,めくりレトロゲーの車窓か,3013.6,152.6,6.4,40479 ,1168.2,3254.860039,0,0.979343184
2175,2175,ぬぬぬ,64565.5,2555,702,40499 ,1070,77554.24839,0,0.91274362
2177,2177,ゲイ.パレス,42284.23872,1040.817947,196.018651,40701 ,398.9311234,46240.445,0,0.118636535
2179,2179,タイトルに偽り無,11705,497,56,40677 ,1632,13021.84916,0,0.994927888
2180,2180,ジャギ,9101,511,50,40679 ,1414,10334.97444,0,0.979085478
2183,2183,きれぁ皇,5691,93,17,40681 ,948,6037.50905,0,0.853886414
2186,2186,めくりと我様とある日常,15682.2,397.2,64.2,40592 ,1194.8,17032.62722,0,0.957930594
2187,2187,ナイトライダー,9947,314,69,40910 ,850,11286.45537,0,0.48059186
2188,2188,お嬢様と一,20688.14286,422,162,41374 ,228.5714286,23531.77116,0,0.339869286
2190,2190,博麗霊夢,6917.8,197.9,83.4,41232 ,526.5,8361.259819,0,0.514853491
2191,2191,パ.エルドリッの三つの聖痕,11549.93136,1113.4589,518.2801806,40736 ,737.0911089,20343.53883,0,0.282405237
2192,2192,フィリ.K.ヂヂ,31266.19682,990.1893177,274.7446357,40701 ,629.2513366,36347.41609,0,0.099290927
2193,2193,めくりの休日,1868.8,70.4,14.2,41682 ,326,2149.662803,0,0.015878058
2194,2194,めくり雑,4049.071429,191.1428571,20.07142857,41250 ,636.6428571,4532.70986,0,0.121183044
2195,2195,めくりファン巡回ルー,32630.625,811.8333333,592.625,40576 ,222.375,42312.4688,0,0.511249833
2196,2196,キャプテン.フューチャー,33465.70172,1321.577121,259.9298732,40705 ,623.3277789,38636.39227,0,0.376725904
2197,2197,めくりSF紙芝,1611.285714,85,32.14285714,41868 ,556.5714286,2174.248474,0,0.080205753
2198,2198,ドナッ.ッペニーとわかる世界,44284.38888,361.1197786,212.3549127,40693 ,643.5182564,47827.92522,0,0.561930702
2199,2199,東方GTA,3566.666667,106.4444444,30.55555556,41481 ,678.5555556,4128.385201,0,0.312044967
2201,2201,ガメラ,374,19,5,42290 ,282,467.0929648,1,0
2205,2205,かわぁ....1,19061.256,366.3704331,278.5340264,40700 ,538.7368988,23598.82539,0,0.351650359
2206,2206,エンゼル手,333,128,6,40674 ,1715,515.9164882,1,0
2213,2213,sims3_ショータイ_,10851,696,66,41195 ,861,12495.28675,0,0.024860413
2215,2215,ピ音仕事し,26481.5,887,256,40651 ,677,31180.01916,0,0.109886868
2216,2216,にちも,10728,117.5,30.5,40658 ,67,11301.73058,0,0.015825363
2218,2218,アストロノカリン,2573,91,6,40335 ,321,2750.898502,0,0.227338735
2219,2219,のぁりん,4732,195,71,40366 ,337,5984.391957,0,0.324347292
2221,2221,ッォ,2219.8,123,23.6,40761 ,330.6,2690.406744,0,0.516154678
2223,2223,みっくり,1881,45,21.66666667,40817 ,598.3333333,2249.960294,0,0.191138813
2232,2232,十_夜咲,13886.75,375.5,193.25,40480 ,718.25,17151.24591,0,0.940179375
2235,2235,作ってみ,25243.63333,1130.566667,608.4666667,40757 ,283.4666667,35453.82955,0,0.046002607
2237,2237,さんぽ,583804,19225,8779,39729 ,163,734109.8879,1,0
2253,2253,しまっちめおさん,21439,784,209,40896 ,320,25330.59914,0,0.146992703
2254,2254,アウトとセーフ墕を操る程度の能,22114,1067,222,40950 ,574,26462.35286,0,0.234454614
2256,2256,ナナヒコ,14365.4,313,31.4,41179 ,599.2,15142.73988,0,0.055245601
2257,2257,インスマス面,16899,479,34,41029 ,597,17874.82282,0,0.133933307
2260,2260,ほめ,1645,65.5,24,39774 ,360.5,2068.026521,0,0.823335029
2262,2262,ネ実ブロントさんシリーズ,37082,2388,497,39836 ,540,46782.31869,0,0.126622346
2263,2263,スリーユヂリ,3768,119,42,39903 ,283,4513.395775,0,0.020815258
2287,2287,本気で歌うめくりシリーズ,18085.07826,614.4521739,449.0608696,40616 ,209.4,25415.72655,0,0.574259937
2369,2369,投稿者コメン,32240.49254,1214.970149,157.1044776,40439 ,543.3880597,35768.11317,0,0.511249832
2376,2376,めくりMinecraft,17683.26923,433.9903846,105.3365385,41030 ,659.1634615,19686.97175,0,0.164797327
2378,2378,おいも,87550.33333,5098,167,40854 ,755.6666667,94873.31921,0,0.429614837
2472,2472,艦これ,2779,74.45454545,12,42081 ,724.5454545,3031.519956,0,0.158733092
2544,2544,なんとぁことをしてくれたでしょ,98206.5,7995.5,380,40670 ,1257,111302.1987,1,0
2591,2591,めくりボカロカバリンク,30495.1,1386.166667,682,40589 ,237.4,42052.25975,0,0.061725311
2602,2602,市_制圧,29845.44444,1129.888889,164,40900 ,719.1111111,33394.33538,0,0.725788726
2608,2608,めくりの本,38371.77273,1285.636364,905.3181818,40622 ,278.8181818,53196.43355,0,0.123059838
2628,2628,バイバイン,19712,273,199,40514 ,149.5,22966.30752,0,0.671823597
2636,2636,ぽ主逺,11344,287,69,40328 ,927,12658.95991,0,0.914624819
2641,2641,如月南,396,30,1,40780 ,145.5,438.8922717,1,0
2644,2644,めくりロボット物実況最終回リンク,7865.909091,530,27.54545455,40586 ,816.2727273,8775.743546,0,0.274046912
2646,2646,SE芸,40966,499,66,41018 ,781,42449.00445,0,0.297402899
2653,2653,ナタ..ココ,25940.57754,44.74153314,242.2213377,40696 ,739.6032183,29618.56281,0,0.150146751
2655,2655,ボダーブレイク外部出,1389,94,4.25,40661 ,727.25,1540.808833,1,0
2658,2658,なんとぁことでしょ,50287.33333,1196.666667,128,40992 ,1061.666667,53376.2543,0,0.903147012
2659,2659,文字を読む動画,653.6666667,57.66666667,3,40700 ,463.3333333,751.6780215,1,0
2661,2661,Rollercoaster,366,19,5,40745 ,280,459.074359,1,0
2665,2665,縛りプレイ,8597.368421,342.9473684,61,40719 ,913.8421053,9842.2496,0,0.516591328
2672,2672,ジェンガ,127213,4839,397,40454 ,1028,137830.208,1,0
2674,2674,料理,1962.242424,107.969697,19.12121212,40540 ,388.6363636,2351.450793,0,0.523335732
2675,2675,ワールドイズマイン,14091,1556.333333,211.6666667,40162 ,263.6666667,18669.60154,0,0.889037671
2678,2678,ユーザーニコ割,930.6,13.4,3,40099 ,143.8,988.8103907,1,0
2681,2681,描いてみ,4777.833333,163.0833333,251.5,40588 ,502.5,8708.294548,0,0.544645696
2686,2686,初音ミク,28034.21053,2108.105263,278.0526316,40560 ,282.3684211,34167.01539,0,0.682325176
2702,2702,レア,54602,406,132,40588 ,121,56985.01059,0,0.643441542
2704,2704,宇宙人,67873.58333,803,360.7222222,40637 ,234,74078.07665,0,0.511249832
2711,2711,バトルロイヤル,2018,105,20,40669 ,794,2417.855343,0,0.07751097
2712,2712,さとり暴走動画,17534,427,235,41040 ,300,21475.97972,0,0.022554174
2713,2713,ゲー_センターYX,29164,1020,241,41040 ,1560,33764.80444,0,0.981553975
2722,2722,めくりペナント実況part1リンク,9781,343,114,40821 ,1515,11822.5086,0,0.973432025
2724,2724,めくり解説実況レイPart1リンク,2844.4,67.8,51,40482 ,764.6,3675.648691,0,0.507608702
2725,2725,キノ,1963,116,33,40504 ,918,2567.628788,0,0.655219068
2731,2731,セルフ土葬ハウス,2175,203,37,40973 ,768,2915.936232,0,0.389091791
2738,2738,シャドウゲイ,41406,780,123,40666 ,709,44016.62008,0,0.777080514
2739,2739,マイクラ,9803.25,336,162,40896 ,877.25,12558.29055,0,0.899563574
2743,2743,それは_めだ.,15464.85899,1476.005051,333.0910159,40764 ,781.7240938,21811.1093,0,0.444718164
2747,2747,こいし恋するクトゥルフTRPG,12272.71429,319.4285714,35.42857143,41028 ,306,13115.49113,0,0.019024015
2749,2749,セクハラの人,10178,278,17,41041 ,415,10703.62064,0,0.053523038
2751,2751,スーメルの人,16086.5,265,46.75,40935 ,476.5,17048.46753,0,0.082644178
2752,2752,ずっと俺のターン,15746,356,32,40930 ,566.5,16574.14479,0,0.2739547
2753,2753,コメ表示推奨,16781,303,48,40918 ,542,17798.64108,0,0.15993714
2755,2755,ボドゲー_,1240,15,4,40934 ,1016,1314.821287,1,0
2762,2762,ほんわか人,212238.6667,3564,2946.333333,41167 ,992.6666667,259939.5997,1,0
2764,2764,ｰﾙｸ,15830,539,80,41201 ,1177,17551.33808,0,0.386644938
2765,2765,ギャグリプレイ,20142,766,86,41201 ,831,22170.05125,0,0.367135861
2766,2766,X.こ人でな.,40457.3056,1390.156379,61.03665249,40686 ,510.2185088,42716.89857,0,0.125167476
2769,2769,まったり町内物,10946,460,35,41202 ,736,11912.50511,0,0.020757574
2771,2771,ドＭの有効活用,112118,2213,191,41204 ,856,117153.2364,1,0
2779,2779,撁と動く.動くと縮む,41088.13,986.464026,223.6103229,40700 ,688.6893879,45405.7429,0,0.491349505
2780,2780,ヒ_,31603,574,154,40516 ,342.5,34476.80929,0,0.953979035
2782,2782,先生.タグロヂそこじゃなぁ,9419.881124,1455.878265,512.7876247,40733 ,761.2766428,18381.45858,0,0.56099939
2783,2783,ミス,68121,673,192,40584 ,167,71667.43448,0,0.444283586
2784,2784,土星,60586.16667,519.3333333,165,40586 ,168.5,63576.0981,0,0.892248498
2785,2785,出オ,88162.85714,6254.142857,728.5,40621 ,706.8571429,104933.4001,1,0
2788,2788,クサメタル,17042,707,534,40710 ,243,25731.66045,0,0.06783819
2791,2791,棒読みちも,1454.555556,44.77777778,8.333333333,40702 ,240.5555556,1623.003431,1,0
2793,2793,はぁな,11671,439,128,40910 ,518,14014.25225,0,0.069761173
2796,2796,プラモッ,6484,82.33333333,48,41334 ,285,7285.308471,0,0.119038743
2798,2798,バルモビル,8728,129,56,41371 ,266,9695.132952,0,0.00764591
2801,2801,歴史,12938.25641,406.4871795,172.8974359,40875 ,560.5897436,15925.98171,0,0.688375191
2804,2804,経,976.625,53.625,10.75,41491 ,295.375,1188.737617,1,0
2806,2806,こんにちは.死ね.,3404.057904,1107.482013,301.3427574,40741 ,504.1644559,8776.84099,0,0.108367062
2807,2807,フンフンヂフェンス,51482,2326,123,40670 ,1429,55552.68152,0,0.990255379
2820,2820,ゴッ通り,36267,1594,76,40819 ,1586,38934.02486,0,0.98648566
2825,2825,キヂのこと,4177,103,10,40346 ,184,4427.52704,0,0.092245005
2826,2826,夏で,17094.875,648,46.375,40383 ,460.625,18414.89563,0,0.25948169
2830,2830,怖い話,4380.62201,59.58851675,6.344497608,41923 ,335.7033493,4534.579442,0,0.560627198
2846,2846,ホモ,5962,175,34,40812 ,176,6642.037271,0,0.020010656
2851,2851,めくり魔理,7456.75,132.125,97.125,41538 ,338.75,9043.478726,0,0.015451053
2855,2855,ッザヂ,10743,442,81,40725 ,260,12382.65897,0,0.785703289
2858,2858,シナリオクリア,316,4,2,41068 ,374,349.9503106,1,0
2861,2861,ジェッアッー,475,51,2,41098 ,200,551.0738636,1,0
2863,2863,カルネジハトエクサ,1606,91,7.5,41357 ,652.75,1804.641684,1,0
2867,2867,アイマスMAD処女,1033,88,32,41365 ,782,1594.283608,1,0
2869,2869,ヂなんとかさ,11580,631,15,40506 ,695,12403.43326,0,0.681618607
2871,2871,ぽ主先生の次回作にご期待く_さい,10728,405,38,40897 ,680,11688.31689,0,0.547468606
2874,2874,サニサイドア,81156,1515,232,40435 ,621,86123.31433,0,0.664601387
2875,2875,ボイン.,7789.676607,1572.329706,620.000812,40743 ,718.276649,18414.3508,0,0.129531387
2877,2877,もてなし過ぎなメガ,3847,200,6,40464 ,1068,4127.130767,0,0.975342029
2880,2880,チキン野郎.,25444.95824,2022.196005,299.9247045,40723 ,516.0950753,31818.75413,0,0.252714423
2885,2885,さんしょ,16719,820,135.5,40495 ,986.5,19533.45649,0,0.967911919
2888,2888,まさかのナナメ移,83362,3089,342,40496 ,1018,91471.06117,0,0.914899191
2892,2892,ヂ,15036,795,54,40499 ,1295,16601.21246,0,0.970919724
2895,2895,ねー.,30501.73638,897.1841415,225.6131722,40691 ,708.6282493,34757.6651,0,0.289278818
2899,2899,スーパマリオギャラクシー2,4828,514,23,40692 ,1245,5637.755638,0,0.962714421
2900,2900,東方,5017.5,162,36.25,41089 ,590.25,5718.218317,0,0.043436456
2901,2901,ニトリ,9947,314,69,40910 ,850,11286.45537,0,0.48059186
2903,2903,カリス,22857,497,174,41360 ,290,25953.50149,0,0.021377796
2905,2905,めくり劇_part1リンク,1934,72,37.57142857,41747 ,400.5714286,2567.034693,0,0.309447337
2906,2906,日,6790.324324,176.8918919,47.54054054,40937 ,346.6756757,7675.863622,0,0.511249833
2908,2908,めくり会計士,2096,84,21.52941176,41763 ,542.8235294,2499.736132,0,0.296731121
2909,2909,ｽﾟｰ.物,41402.05608,1789.442761,194.5506003,40694 ,374.6695451,46035.95289,0,0.243113661
2910,2910,東方探偵物,4206.75,130.5833333,32.75,41294 ,672.3333333,4824.681347,0,0.574483909
2911,2911,めくり.アフレコ,7534.415273,922.2648238,737.6707525,40736 ,746.9653137,19429.23106,0,0.430949847
2912,2912,ガラシャー,374,19,5,42290 ,282,467.0929648,1,0
2913,2913,スペルカード表記真,21554,908,335,40231 ,517,27450.83454,0,0.711467119
2916,2916,そ動画.sm12329990,43109.88503,2085.413857,219.3021407,40703 ,527.8963792,48389.06992,0,0.331273082
2917,2917,オ.ノレ,1778.170982,2594.189624,569.5452981,40714 ,742.5143209,11553.75377,0,0.140282096
2918,2918,R.TYPE?版ライオス.sm11213402,3438.858114,1242.204235,283.0381216,40722 ,715.6209544,8615.788055,0,0.106448173
2920,2920,アイレ_,237638,5903,1620,40915 ,1160,267698.8672,1,0
2923,2923,めくり落,16395.33333,339.3333333,182.3333333,40641 ,1210.5,19462.86007,0,0.868637519
2925,2925,sims3_スーパナチュラル,10851,696,66,41195 ,861,12495.28675,0,0.024860413
2927,2927,にとり直,3050,42,15,40298 ,11,3316.43225,0,0.153639745
2929,2929,もっともっと評価されるべ,3600.666667,177.3333333,27.33333333,40783 ,436.6666667,4179.736043,0,0.067305411
2942,2942,マウスカーソル,4451.333333,79.66666667,27.33333333,39695 ,105.3333333,4939.607653,0,0.071930397
2946,2946,朗読,4782.666667,146.6333333,17.6,40556 ,434.8333333,5188.953574,0,0.513534611
2948,2948,ッカオス,3780,111,25,39777 ,556,4262.853677,0,0.259950809
2949,2949,めくりthere,53310,1223,2119,39789 ,215,86291.59795,0,0.317192939
2951,2951,呪,8704,267,88,39790 ,155,10283.13059,0,0.846109563
2954,2954,めくり猥,13491.72727,546.8181818,179.1818182,40435 ,417.2727273,16705.24193,0,0.875773043
2955,2955,アウト人,22114,1067,222,40950 ,574,26462.35286,0,0.234454614
2956,2956,ニコニコ百物,16473.5,369,27.5,41020 ,598,17246.92881,0,0.120125591
2958,2958,むっくり,9092,279,29,41630 ,600,9797.719043,0,0.075955741
2963,2963,ブロンヂス,37082,2388,497,39836 ,540,46782.31869,0,0.126622346
2966,2966,我ながらこれはひど,96,4.5,1.5,40189 ,132,122.8014706,1,0
2974,2974,忊設,82111,3024.5,266.5,40563 ,926.5,89025.88775,0,0.745305478
3060,3060,車載動画,6456.828358,172.0895522,43.20149254,40909 ,541.6343284,7272.501707,0,0.164402011
3062,3062,東海,4646.230769,108.3846154,38.15384615,41164 ,553.9230769,5324.472046,0,0.01791922
3109,3109,洒落,4342.724138,77.24137931,11.37931034,41366 ,381.7241379,4589.308802,0,0.529936466
3131,3131,フルスクリーン推奨,133503.5,4008,494,41083 ,1124.5,144805.0984,1,0
3134,3134,バトレ,3755.5,172.5,55.75,40476 ,764.75,4756.780593,0,0.905071244
3192,3192,めくりTRPG完結済みリンク,106515.56,1835.56,2037.4,41327 ,832.92,138881.598,1,0
3198,3198,パラノイアpart1.0.リンク,11759.6879,1587.984213,298.9721516,40736 ,761.9121786,17647.46948,0,0.394935198
3218,3218,ばかす,18126.5,998.5,72.5,40542 ,1326.25,20160.56604,0,0.970438257
3260,3260,棒歌ロイ,24164.45349,891.0465116,517.9651163,40566 ,201.9534884,32793.93035,0,0.511249834
3299,3299,トゥートゥー,435,17,1,40395 ,408,466.3620309,1,0
3303,3303,でってぁ,19314,599,1051,40450 ,363,35660.8849,0,0.091968318
3306,3306,謎感動,9513.5,521.9375,81.5,40514 ,563,11231.0105,0,0.665026997
3307,3307,ﾞｰﾞｰｲ,3331,334,2,40645 ,351,3664.578402,0,0.036962471
3312,3312,どぁがいても_滅なクトゥルフ神話,4023,116.3333333,27,41246 ,411.3333333,4541.085047,0,0.022464338
3313,3313,これ何動画_っ.,10733.34024,2277.359558,293.4306252,40735 ,646.4490361,17022.32787,0,0.248324877
3318,3318,丼,2644.071429,52.64285714,22.35714286,40198 ,673.7857143,3031.052232,0,0.217511413
3319,3319,サイバフォーミュラ,3192,53,22,40138 ,599,3574.14019,0,0.551527716
3326,3326,ホワイトデー,2383,273,28,40251 ,309,3048.232116,0,0.088732984
3332,3332,ハヤシライス,366,19,5,40745 ,280,459.074359,1,0
3341,3341,ダイナ伊藤,127213,4839,397,40454 ,1028,137830.208,1,0
3346,3346,再生しなくても動,8600,670,87,40321 ,22,10527.02522,0,0.085328253
3347,3347,神回,35584.5,1724.916667,194,40583 ,832.4166667,40140.08156,0,0.511307535
3360,3360,世界の新着動画完走,80307.5,688.8333333,691.8333333,40552 ,264.6666667,91368.02476,0,0.593559827
3361,3361,回文,1145.833333,77.66666667,18.33333333,40347 ,208.3333333,1493.642576,1,0
3365,3365,天王星,50994.66667,276.8333333,121.1666667,40597 ,147,53087.5088,0,0.359655979
3366,3366,宇宙車窓か,56870.33333,515.3333333,182.7916667,40599 ,175.7083333,60122.92857,0,0.511250404
3370,3370,じたばたP,5149,134,238,40657 ,265,8849.747691,0,0.050413654
3371,3371,めくり算数教室,5952.2,571.2,127.4,40355 ,363.8,8385.342828,0,0.722237372
3372,3372,萌えっ娘もんすたぁ,161660,1835,4109.666667,40251 ,752,225119.9097,1,0
3373,3373,スーパドンキーコング,24221,635,335,40251 ,564,29864.99329,0,0.672106918
3374,3374,スターオーシャンモナ,541,58,1,40251 ,1423,608.3933333,1,0
3381,3381,ピ助山,57380,1967,871,40670 ,1208,72347.74863,0,0.959103759
3382,3382,伝説の始ま,166013,3463.3,3209.1,40607 ,789.1,217543.3416,1,0
3383,3383,ホラー実況レイpart1リンク,104350.4,3960.2,1255.7,40805 ,1012.6,127002.9612,1,0
3384,3384,ザ.スーパ?,14229.13391,1612.598113,257.7061377,40740 ,708.5076984,19545.79841,0,0.367616078
3385,3385,スナザメ,147683,6815,1766,41042 ,980,180690.7836,1,0
3390,3390,へるしんか,1563,47,21,40746 ,766,1923.645616,1,0
3393,3393,グラヂウスリバス,14085,525,127,40505 ,1091,16496.29708,0,0.943063733
3400,3400,ぬこぬこ動画,2175,203,37,40973 ,768,2915.936232,0,0.389091791
3404,3404,ドスジャギィ,12862,372,178,40898 ,750,15893.68208,0,0.222073267
3406,3406,ット張り達人,40035,1113,704,40818 ,989,51678.4012,0,0.891444505
3413,3413,シナリオ配,50490,1424,185,41041 ,972,54650.07841,0,0.361692635
3415,3415,シャドウラン,3301,147,14,41042 ,1181,3651.758232,0,0.925111361
3425,3425,ぼっちアリスの中二病,61078,1019,303,41200 ,1084,66625.3596,0,0.627690517
3429,3429,もっと野菜食え.,26995.13173,821.3629616,149.5445912,40695 ,652.9054535,30035.54012,0,0.03864616
3431,3431,クトゥルフピザ,26970,471,58,41203 ,721,28302.93276,0,0.081617843
3435,3435,さいばんちゼが悪,263404,7937,943,41204 ,1649,285254.6387,1,0
3438,3438,がんばりましょ,6369.5,191,29.5,40288 ,463,6997.464188,0,0.913148997
3440,3440,ニコ,13267,417,420,40483 ,372,19971.67094,0,0.921688968
3441,3441,ペロペロ禁止,29394,657,94,40517 ,463,31446.68091,0,0.940355856
3443,3443,中画面推奨,107357,2710.5,942,40550 ,483,124131.3182,1,0
3444,3444,宇,48465,464.3333333,178.6666667,40649 ,192.6666667,51604.9429,0,0.461789057
3445,3445,ミス.衛星.,55651.12711,997.0146338,217.9544839,40698 ,801.491748,59899.97867,0,0.648588446
3446,3446,嘘字,26526.25,657.5,178.75,40448 ,684.25,29849.20078,0,0.946253927
3448,3448,卵,47759,396,132,40613 ,165,50131.75242,0,0.437824902
3450,3450,ボカロメタル,6369,260.3333333,197.3333333,40747 ,178.6666667,9579.405582,0,0.006779929
3457,3457,モトコン,8728,129,56,41371 ,266,9695.132952,0,0.00764591
3462,3462,パワードスーワ絶対に許さな,18705,521,41,40254 ,601,19826.91161,0,0.478527974
3464,3464,実況レイ動画,4673.375,187.4375,19.25,40813 ,969.71875,5142.363245,0,0.644074035
3468,3468,それも私だ,33525,1441,87,40896 ,1730,36211.76168,0,0.989224351
3474,3474,オリハルコン製のビル,29924,581,59,40437 ,556,31378.9556,0,0.383176059
3475,3475,ご,27678,393,60,40441 ,559,28965.50965,0,0.384537805
3480,3480,クチナシ,4177,103,10,40346 ,184,4427.52704,0,0.092245005
3494,3494,メロン,5962,175,34,40812 ,176,6642.037271,0,0.020010656
3499,3499,のらけーね,9795,145,50,40152 ,92,10687.8954,0,0.254900811
3503,3503,レイサナ道を歩む,14454.66667,440.6666667,129.6666667,41260 ,390.3333333,16827.40907,0,0.0415809
3506,3506,ダラダラプレイ,316,4,2,41068 ,374,349.9503106,1,0
3511,3511,はるちは,475,51,2,41098 ,200,551.0738636,1,0
3513,3513,カルネジ舞台,1606,91,7.5,41357 ,652.75,1804.641684,1,0
3519,3519,オンラインセヂョン,1565,63,43,41367 ,461,2270.624776,0,0.030026242
3522,3522,ナノスー,9175,558,51,41043 ,1027,10466.17621,0,0.290041884
3534,3534,ハザードタイ_,38212,2240,122,40478 ,835,42158.3346,0,0.908349233
3543,3543,ショタコン..,28008.63326,1800.039351,168.342253,40696 ,534.4912763,32225.71887,0,0.293664373
3545,3545,ぬし釣,13117,466,33,40674 ,404,14062.05141,0,0.122014653
3549,3549,セカジカ,5691,93,17,40681 ,948,6037.50905,0,0.853886414
3552,3552,マスターオブギャラクシー,4828,514,23,40692 ,1245,5637.755638,0,0.962714421
3553,3553,妹紅さんと輝夜さ,19831.5,392,434,40522 ,209.5,26726.06135,0,0.571038735
3554,3554,フタエノキワ,9947,314,69,40910 ,850,11286.45537,0,0.48059186
3555,3555,安全運転とはなんだった.,3169.030766,2295.44322,733.5738864,40730 ,603.0755601,15617.9663,0,0.159221686
3556,3556,カリスマブレイク,22857,497,174,41360 ,290,25953.50149,0,0.021377796
3557,3557,ダメーリン,23312,360,160,41376 ,217,26066.56193,0,0.015321964
3558,3558,ここ,22944,614,170,41385 ,326,26092.11177,0,0.028697269
3559,3559,また守矢,24232,495,283,41410 ,257,28962.20292,0,0.021342196
3561,3561,スペスオペラ,2424.333333,186,72.66666667,41868 ,574.6666667,3687.438812,0,0.064758544
3562,3562,クリスタラヂ,374,19,5,42290 ,282,467.0929648,1,0
3564,3564,ここからが本当地獁,158017,5862,521,40459 ,1132,171484.9791,1,0
3565,3565,チトをこえるチー,333,128,6,40674 ,1715,515.9164882,1,0
3566,3566,めくりキバヤシ,18739,622,111,40731 ,238,21006.13127,0,0.082367423
3567,3567,めくり自由帳,21570.66667,527.3333333,114.1111111,40582 ,202.5555556,23797.14735,0,0.77374659
3568,3568,東方鉱工芸,16033.41667,397.25,58.5,41121 ,623.0833333,17298.59629,0,0.214310281
3569,3569,東方ラジオ,24282.2,721,178.8,40228 ,421.4,27664.55664,0,0.593789085
3571,3571,sims3_レイトナイ,10851,696,66,41195 ,861,12495.28675,0,0.024860413
3576,3576,本気で歌わなあっくりシリーズ,4309.333333,170.3333333,32.83333333,40273 ,193,4965.737094,0,0.546887405
3583,3583,初音ミクの消失,12202,701,83,39673 ,180,14110.15917,0,0.785248253
3585,3585,めでたしに限りなく近い何か,160720.5,3061,708,39762 ,307,174344.5376,1,0
3586,3586,ローゼンメイッ,4151,280,31.66666667,40344 ,506,4888.432029,0,0.811211336
3590,3590,手描,8270.666667,290,18,40445 ,364,8820.863279,0,0.869448015
3595,3595,ニコニコRPG,3780,111,25,39777 ,556,4262.853677,0,0.259950809
3598,3598,リグチルは冬の蛍火,13944,599,205,39785 ,303,17593.67121,0,0.405710407
3599,3599,期待病人,8704,267,88,39790 ,155,10283.13059,0,0.846109563
3601,3601,春画,17705.66667,357.6666667,292.6666667,40801 ,177,22446.3642,0,0.006399416
3607,3607,もっと浌されるべ,9092,279,29,41630 ,600,9797.719043,0,0.075955741
3609,3609,ふた.ちもね,18030.63232,717.32185,213.0042756,40725 ,617.8560362,21915.88093,0,0.816501697
3610,3610,ブロントさ,37082,2388,497,39836 ,540,46782.31869,0,0.126622346
3611,3611,フルボイス,2900,192,21.5,40066 ,836,3402.659949,0,0.959229895
3614,3614,作業用BGM,11846.625,237.125,40.375,40666 ,900.25,12684.73728,0,0.868672003
3696,3696,東海.山陽旧幹,17345.81079,1369.647513,198.823116,40701 ,567.4462634,21598.6242,0,0.051912298
3745,3745,宇宙ヤバイ,105256.6667,1421.444444,785.5555556,40554 ,313.7777778,118442.6427,1,0
3806,3806,三国,678,28.5,5.5,41061 ,316,787.8591994,1,0
3829,3829,二次創作卓リンク,3065.333333,143.3333333,71,41461 ,1038.333333,4267.40248,0,0.630066458
3892,3892,棒歌ロイドカバ曲リンク,27613.41935,811.0967742,482.2258065,40582 ,175.7741935,35635.14459,0,0.405924287
3894,3894,棒歌ロイドオリジナル曲,18771.57143,398.9285714,690,40482 ,196,29512.48691,0,0.251429357
3913,3913,不器用で器用,37180,889,93,40272 ,695,39443.29037,0,0.597186871
3916,3916,チップリー.,44672.21417,1478.460223,189.833314,40688 ,575.3232837,48951.0049,0,0.354101954
3918,3918,一級フラグ建築士,29646.5,1069.5,85.5,41048 ,804,31961.36446,0,0.436850382
3924,3924,ポイント制,3331,334,2,40645 ,351,3664.578402,0,0.036962471
3926,3926,サ_ネ違和,40966,499,66,41018 ,781,42449.00445,0,0.297402899
3930,3930,スレイヤーズ.,9640.504007,1724.746145,268.1537582,40729 ,724.3070795,15131.84897,0,0.309357728
3934,3934,自然,11545.36364,282.2727273,69.54545455,40561 ,535.7727273,12864.12098,0,0.511249842
3937,3937,保温調琍,941.5,33.5,5,40353 ,260,1048.854847,1,0
3938,3938,パスタ,1542.5,41,33,40707 ,253,2077.460099,0,0.053884076
3946,3946,も過ぎっ,1626,53,9,40972 ,532,1812.3359,1,0
3950,3950,ヒデキ感激,127213,4839,397,40454 ,1028,137830.208,1,0
3951,3951,ドラクエセ..ス,29732.9787,880.1804173,244.0368547,40705 ,442.4699701,34248.60539,0,0.004640559
3953,3953,みさくら,5915,94,13,40259 ,416,6202.532713,0,0.895361999
3959,3959,再生ボタン仕事し.,26302.87258,1580.221946,205.1456132,40686 ,694.6941951,30871.3767,0,0.342634557
3960,3960,誰得動画,12134.75,1197,156.75,39898 ,185.25,15576.77551,0,0.672124979
3969,3969,太陽系外惑,153545.5,1545,1080.5,40477 ,250,171282.7153,1,0
3976,3976,外れレア,54602,406,132,40588 ,121,56985.01059,0,0.643441542
3978,3978,科学,45839.33929,609.2678571,259.2678571,40665 ,284.0714286,50329.67758,0,0.511249832
3980,3980,ドンキーコング実況part1リンク,24221,635,335,40251 ,564,29864.99329,0,0.672106918
3983,3983,下ネタが多かった_唇,477780,5139,12278,40253 ,523,667035.6691,1,0
3987,3987,シュリキン,29164,1020,241,41040 ,1560,33764.80444,0,0.981553975
3992,3992,めくりできな,1563,47,21,40746 ,766,1923.645616,1,0
3999,3999,ブラウス大,1963,116,33,40504 ,918,2567.628788,0,0.655219068
4012,4012,ヘビィボウガン,12862,372,178,40898 ,750,15893.68208,0,0.222073267
4015,4015,ッリスト卓,14567,498,39,41003 ,266,15633.58024,0,0.008468673
4019,4019,ダイス運を推琊でカバする探偵,50490,1424,185,41041 ,972,54650.07841,0,0.361692635
4020,4020,チ_モヒカン,3301,147,14,41042 ,1181,3651.758232,0,0.925111361
4023,4023,フレーバキャラ,11899,188,49,41042 ,402,12819.08767,0,0.044293931
4024,4024,バグ昇,17489,389,35,40900 ,651,18394.55245,0,0.542034066
4025,4025,ランキング,1240,15,4,40934 ,1016,1314.821287,1,0
4026,4026,ぁかり.殺.して,8355.467553,1172.46076,47.24543318,40742 ,636.0267199,10093.04435,0,0.321977133
4030,4030,初めてのクトゥル,28498.66667,689,76.66666667,41199 ,358.6666667,30321.44484,0,0.023699205
4036,4036,ぼっちがGM,61078,1019,303,41200 ,1084,66625.3596,0,0.627690517
4037,4037,解説動画,3200,115.5,44,40767 ,419.5,3971.529097,0,0.076763522
4040,4040,ｷ.初忀だらけのKP発狂卓,35949.28397,1290.712295,307.0671688,40690 ,562.6943444,41801.63446,0,0.46214977
4042,4042,どぁて最後そとっ.,15094.34234,1384.998931,516.190604,40716 ,681.620689,24109.33408,0,0.912769639
4044,4044,わくて.あやもレポ.,22558.39291,907.8270646,254.4962678,40700 ,630.2753227,27248.9201,0,0.362161675
4045,4045,地琤生命,153385,2460,455,40478 ,331,162631.2821,1,0
4047,4047,ニコ生講座,13267,417,420,40483 ,372,19971.67094,0,0.921688968
4048,4048,東方もしり講座,3000.6,138.8,64.8,41268 ,472.2,4105.387441,0,0.054121857
4052,4052,X..,17783.27836,1976.708299,144.2158356,40705 ,723.0254887,21726.91511,0,0.641748777
4053,4053,増田頸,47759,396,132,40613 ,165,50131.75242,0,0.437824902
4054,4054,ボカロメタル殿堂入,17042,707,534,40710 ,243,25731.66045,0,0.06783819
4061,4061,数学,4094.875,368.5,87.375,40671 ,326,5744.160468,0,0.174241111
4072,4072,めくリンクス,4887.333333,236,19.66666667,40747 ,703.3333333,5407.503856,0,0.218264312
4084,4084,ラジ,4512.75,235.5,18.5,40766 ,763.5,5014.115186,0,0.222847575
4085,4085,ソヂスハン,2840,133,10,40821 ,854,3117.070064,0,0.746264369
4088,4088,ガンダ_ヂサイズ,29924,581,59,40437 ,556,31378.9556,0,0.383176059
4090,4090,シェンロンガンダ_,27678,393,60,40441 ,559,28965.50965,0,0.384537805
4093,4093,ノブオ,18356,735,38,40419 ,468,19632.75885,0,0.211462751
4094,4094,X....げる,11306.85115,1578.897991,225.3197888,40748 ,733.7906313,16075.40748,0,0.182792569
4114,4114,ロボッ,10743,442,81,40725 ,260,12382.65897,0,0.785703289
4125,4125,で.quot.は.quot.,4241.027902,1238.340643,611.6191622,40732 ,632.9823457,14401.89262,0,0.246736409
4132,4132,にこみ,9175,558,51,41043 ,1027,10466.17621,0,0.290041884
4136,4136,スポン,10728,405,38,40897 ,680,11688.31689,0,0.547468606
4137,4137,レイ_ノゲエ_,26220,1659,179,40819 ,1146,30465.90744,0,0.846170664
4139,4139,ボッシュー,81156,1515,232,40435 ,621,86123.31433,0,0.664601387
4144,4144,めくりロヂマス,3847,200,6,40464 ,1068,4127.130767,0,0.975342029
4147,4147,ベストタイミング..,26874.63144,264.3009437,166.1977455,40712 ,587.2917424,29629.34026,0,0.387367346
4154,4154,大.そして伝説へ,10511.44205,292.1467769,161.833639,40739 ,602.2637931,13223.30988,0,0.027588737
4159,4159,マリオギャラクシー2めくり実況完走,4828,514,23,40692 ,1245,5637.755638,0,0.962714421
4162,4162,レミリアホイホイ,22244,335,115,41348 ,153,24299.05486,0,0.012720033
4163,4163,ハッピエンド回,22944,614,170,41385 ,326,26092.11177,0,0.028697269
4167,4167,確,1795,45.5,31,41358 ,322.5,2304.393802,0,0.066318037
4168,4168,ルパン三,1689,39,27,42159 ,400,2132.133333,0,0.035824969
4169,4169,ゴジラ,374,19,5,42290 ,282,467.0929648,1,0
4170,4170,ローカル番,39960,829.5,167.5,39875 ,123,43285.20018,0,0.049796152
4171,4171,早すぎる警,33165,893.6666667,185.3333333,39982 ,273,36815.34462,0,0.137136789
4174,4174,みなぎるエンジェルさん,192248,4063,568,40489 ,990,204747.1517,1,0
4175,4175,エンジェルさんマジ天使,222308,5764,754,40500 ,1204,239236.808,1,0
4182,4182,幻想郷で一番仲の悪ほ良,15534,445,211,40530 ,263,19131.76868,0,0.454178066
4183,4183,そしてこ顔である,215333,5115,874,40560 ,1208,233439.7866,1,0
4187,4187,人間を驚かすには.めぱり夜じめぁね,13718.54348,1609.884748,408.2631531,40737 ,707.1558192,21287.68214,0,0.337243281
4200,4200,新しい拷問,12202,701,83,39673 ,180,14110.15917,0,0.785248253
4203,4203,主に体がきも,45585,1034.666667,207.6666667,40193 ,1164,49711.80534,0,0.979398875
4204,4204,東方手書き劇場,31886.43182,819.4772727,441.2727273,40499 ,327.8863636,39304.74057,0,0.511249832
4205,4205,サトウさん,2029,242,33,39720 ,156,2740.581597,0,0.02258441
4207,4207,働カーズ,583804,19225,8779,39729 ,163,734109.8879,1,0
4215,4215,ニコニコ終亮お知らせ,3780,111,25,39777 ,556,4262.853677,0,0.259950809
4217,4217,リグル,13944,599,205,39785 ,303,17593.67121,0,0.405710407
4218,4218,夢見るP,55970.33333,1228.666667,2363,39807 ,244.3333333,92618.65461,0,0.338357265
4219,4219,朗読してみ,2798,168.5,22.5,39835 ,249,3294.501087,0,0.763343362
4221,4221,そ発想は無かっ,22114,1067,222,40950 ,574,26462.35286,0,0.234454614
4225,4225,黒歴史,5396.777778,263.2222222,22.22222222,40802 ,548,5981.139875,0,0.51941135
4229,4229,まんがネ実かしばな,37082,2388,497,39836 ,540,46782.31869,0,0.126622346
4230,4230,めくりードッグ,3768,119,42,39903 ,283,4513.395775,0,0.020815258
4235,4235,誰,7613.625,467.25,42.375,40092 ,144.375,8689.623742,0,0.174450912
4334,4334,期待新人,10781,222.5,167.6666667,40893 ,407.3333333,13514.06839,0,0.078116713
4367,4367,東方_シリーズPart1リンク,13863,225.5,362.5,40949 ,209.5,19522.4812,0,0.014090032
4429,4429,東方卓遊戯,11948.36842,290.5263158,60.63157895,41326 ,701.4210526,13141.50592,0,0.648638393
4430,4430,パラノイア完結済みリンク,233048.6667,3370.666667,4612,40995 ,634.6666667,305552.1968,1,0
4443,4443,放課後怪奁ら,4602,250,35,41695 ,738.5,5364.210968,0,0.208878092
4483,4483,東方MMD,14635.4,362.3,123.5,41280 ,411.1,16841.51939,0,0.588417018
4485,4485,歌ってみ,30786,370.5,1119.5,40381 ,262.5,47944.74699,0,0.820249633
4508,4508,衝撃のラス,49242.57143,2602.392857,291.75,40654 ,657.8928571,56091.31641,0,0.511249832
4521,4521,ファンク,366,19,5,40745 ,280,459.074359,1,0
4527,4527,実況レイ,881.8,58.8,2.6,40897 ,861.6,975.9343511,1,0
4530,4530,レーズン,659,12,1,40455 ,58,685.7857143,1,0
4537,4537,時_キラー,8600,670,87,40321 ,22,10527.02522,0,0.085328253
4538,4538,吹_っ__れ_,4120.6,90.4,24.8,40320 ,45.2,4581.070693,0,0.06108395
4542,4542,載しますP,376.5714286,13.42857143,12.42857143,40457 ,187.5714286,575.9804757,1,0
4559,4559,ミクノ,5149,134,238,40657 ,265,8849.747691,0,0.050413654
4565,4565,ーンーンーン,29164,1020,241,41040 ,1560,33764.80444,0,0.981553975
4568,4568,三月精,8969,217,185,41042 ,675,11955.97503,0,0.026521137
4579,4579,モンハン,12862,372,178,40898 ,750,15893.68208,0,0.222073267
4583,4583,ニコ.ロビンの刺身盛り合わ,32457.24126,1411.181716,234.0307139,40685 ,582.5436531,37320.48807,0,0.165646796
4584,4584,バタンキュ.,14829.63521,1166.160923,209.2862922,40724 ,770.7257134,19051.17047,0,0.527398277
4585,4585,最初からクライマックス,32097,747.6,302.4,40868 ,688.4,37363.73857,0,0.867528388
4592,4592,めくりTRPG最終話リンク,40106.66667,1754.333333,167.6666667,41095 ,838,44302.77176,0,0.626525164
4593,4593,マトリヂス避,3301,147,14,41042 ,1181,3651.758232,0,0.925111361
4594,4594,リプレイ,4969.5,182.75,53.5,41019 ,766.25,5948.334486,0,0.468752698
4598,4598,おぜぺ告,42641,969,138,40955 ,1384,45658.53705,0,0.977079723
4599,4599,愛しを渡る,61569,146,718,40963 ,130,72484.65858,0,0.0102029
4609,4609,メリケンクオリヂ,17330,453,296,41198 ,885,22211.64932,0,0.773162013
4614,4614,奇妙な共,15830,539,80,41201 ,1177,17551.33808,0,0.386644938
4615,4615,めくりしなぁぁてね,10946,460,35,41202 ,736,11912.50511,0,0.020757574
4616,4616,ミンチよりであ,59652,3561,301,41202 ,1127,67528.34762,0,0.946647032
4618,4618,ドヤ顔合戦,26970,471,58,41203 ,721,28302.93276,0,0.081617843
4624,4624,ひらがなでしゃべらせて,4662,170,26,40289 ,578,5216.05105,0,0.937455477
4626,4626,天の光すべて,153385,2460,455,40478 ,331,162631.2821,1,0
4628,4628,先生,29394,657,94,40517 ,463,31446.68091,0,0.940355856
4629,4629,妊神星,47759,396,132,40613 ,165,50131.75242,0,0.437824902
4630,4630,メロス,17042,707,534,40710 ,243,25731.66045,0,0.06783819
4646,4646,予告詐欺,36267,1594,76,40819 ,1586,38934.02486,0,0.98648566
4655,4655,ふわわ時,18356,735,38,40419 ,468,19632.75885,0,0.211462751
4674,4674,岡崎夢,8319.666667,155.3333333,57.66666667,40229 ,179.6666667,9337.172227,0,0.435175485
4679,4679,天海春,475,51,2,41098 ,200,551.0738636,1,0
4687,4687,感動のラス,59313,2485.5,687,40771 ,968,72004.6337,0,0.33365121
4688,4688,プライス大尉怒りのジャガーノ,9175,558,51,41043 ,1027,10466.17621,0,0.290041884
4691,4691,めくりとめくリの廝復興,10728,405,38,40897 ,680,11688.31689,0,0.547468606
4692,4692,変紳士,26220,1659,179,40819 ,1146,30465.90744,0,0.846170664
4698,4698,打ち刂,30868.33333,1987.333333,155.6666667,40967 ,442,35071.02612,0,0.058312962
4699,4699,阿部鬼,163723,10231,392,40480 ,819,179233.6228,1,0
4700,4700,大事なもは目蓋,208373,9472,878,40460 ,1150,230604.8064,1,0
4710,4710,寔ジョーカー,83362,3089,342,40496 ,1018,91471.06117,0,0.914899191
4714,4714,感動のクーリングオ,109838,4740,1351,40499 ,1070,134649.1952,1,0
4717,4717,大.最後妃,10209.87954,1104.496012,260.9891337,40725 ,708.8747416,15123.82396,0,0.068924371
4719,4719,小僧.調子に乗るな,14377.85911,849.7092822,231.3436273,40704 ,449.1947269,18651.01797,0,0.199106227
4721,4721,世紀末バカゲー,9101,511,50,40679 ,1414,10334.97444,0,0.979085478
4726,4726,めくりんご,4828,514,23,40692 ,1245,5637.755638,0,0.962714421
4727,4727,凁.色々な意味で.2人,55335.1692,1637.450147,222.2832125,40717 ,591.6415863,60259.98848,0,0.357936747
4728,4728,愛ちも,9550,374,54,40943 ,1242,10719.98156,0,0.769842561
4730,4730,不なレミリアの人,22738.25,520.25,189.5,41392 ,259.25,26089.45701,0,0.02690028
4734,4734,普通魔法使.物,51060.13395,1037.746488,177.2359542,40691 ,642.8802752,54735.81879,0,0.576320825
4735,4735,バラン,374,19,5,42290 ,282,467.0929648,1,0
4736,4736,作者幻想入りシリーズ,21554,908,335,40231 ,517,27450.83454,0,0.711467119
4741,4741,もうめこ,237638,5903,1620,40915 ,1160,267698.8672,1,0
4742,4742,漫,3536.5,236.5,81,40596 ,191.5,4973.487221,0,0.068560414
4745,4745,東方落語劇場,18493.6,359.6,209,40574 ,1283.8,21981.4163,0,0.931233389
4747,4747,壷,13365,231,55,40567 ,1212,14417.09106,0,0.99160898
4751,4751,今夜も寝かさなぁっ.,8489.127833,1711.816874,595.8423201,40733 ,668.6246424,18867.17312,0,0.244293075
4753,4753,東方二極,2573,91,6,40335 ,321,2750.898502,0,0.227338735
4759,4759,博麗博物館作品リンク,4860.5,252,25,39634 ,251,5475.139124,0,0.66126091
4762,4762,東方手描き一発ネタ,23095.66667,551.6666667,257,39914 ,63,27489.60192,0,0.058149855
4763,4763,最低速別れ,12202,701,83,39673 ,180,14110.15917,0,0.785248253
4766,4766,ししも,2029,242,33,39720 ,156,2740.581597,0,0.02258441
4776,4776,めダン,5503,105,17,39783 ,36,5861.04,0,0.901050075
4841,4841,妖怪ぁたりな,8785.333333,229.6666667,37.66666667,41088 ,725.3333333,9574.173343,0,0.011121642
4887,4887,静岡,2065,59.75,20,41136 ,457.5,2423.085441,0,0.008733937
4930,4930,迷兵器で行こあリーズ,15647,251.3333333,121.6666667,41278 ,220,17719.39023,0,0.007030053
4936,4936,迷列車派生シリーズ,17529.63636,389.5454545,167.8181818,40935 ,354,20428.06478,0,0.007078029
5007,5007,期待狂人,18763.85714,267,321,41373 ,647.8571429,23842.17331,0,0.222452278
5039,5039,腹筋崩,39631,1429.727273,239.2727273,40545 ,883,44600.32375,0,0.961684521
5063,5063,棒歌ロイド殿堂入,390470.5,14231.5,6059,39799 ,187.5,495093.9259,1,0
5080,5080,本末転,37180,889,93,40272 ,695,39443.29037,0,0.597186871
5083,5083,バトレボゆっくり実況part1リンク,435,17,1,40395 ,408,466.3620309,1,0
5086,5086,初期配置に首建設,3331,334,2,40645 ,351,3664.578402,0,0.036962471
5087,5087,バグに愛されし,40966,499,66,41018 ,781,42449.00445,0,0.297402899
5090,5090,ファイト一発.充電ちも..,8008.040253,1998.281779,327.0040474,40724 ,866.9717881,14524.95053,0,0.613537895
5094,5094,燻製,941.5,33.5,5,40353 ,260,1048.854847,1,0
5095,5095,秘封倶楽部,12578.75,187.75,301.5,41158 ,614.75,17286.30257,0,0.354764287
5096,5096,浜松,805,41,8,41041 ,424,964.0316159,1,0
5098,5098,フジッ,366,19,5,40745 ,280,459.074359,1,0
5101,5101,妖精大冒険,1626,53,9,40972 ,532,1812.3359,1,0
5103,5103,条件付き確,2148,81,58,40973 ,307,3096.131176,0,0.27102111
5106,5106,会社からは适られなあぁ,127213,4839,397,40454 ,1028,137830.208,1,0
5107,5107,出ぼっち,253408,15001,465,40461 ,867,274547.0652,1,0
5108,5108,ルイズぅぅぁあぁあああああ,5915,94,13,40259 ,416,6202.532713,0,0.895361999
5109,5109,月読ショウタ,6533,188,89.5,40586 ,462,8058.310366,0,0.401358913
5113,5113,始めなくても動,4981,106,24,40321 ,22,5444.801604,0,0.08217995
5117,5117,呪の祟り,20607,814,46,40399 ,523,22080.13421,0,0.195639695
5126,5126,衛星,60889.61538,711.4615385,253.3846154,40588 ,198.6923077,65393.66279,0,0.706250003
5127,5127,小惑,35958.33333,311.3333333,113,40664 ,184,37962.00253,0,0.425897295
5130,5130,篂唇,477780,5139,12278,40253 ,523,667035.6691,1,0
5132,5132,戦わなければ生き残れな.,15039.78026,1027.309599,571.9863037,40719 ,782.121533,24583.45751,0,0.056115699
5133,5133,仕方なね,57380,1967,871,40670 ,1208,72347.74863,0,0.959103759
5137,5137,東方野球,4871,250,62,40745 ,1249,6038.941347,0,0.922591833
5138,5138,同人,1563,47,21,40746 ,766,1923.645616,1,0
5140,5140,めくりグラヂウス,14085,525,127,40505 ,1091,16496.29708,0,0.943063733
5154,5154,優雅な戦,57707,2180,221,41043 ,1008,63122.93565,0,0.779673171
5161,5161,最後まで見たらSANチェヂ,61569,146,718,40963 ,130,72484.65858,0,0.0102029
5162,5162,ワンキル,16096,234,68,40964 ,467,17346.66081,0,0.088152736
5164,5164,めくり歌うクトゥルフ叫び,1915,65,12,41195 ,458,2157.879016,0,0.002570817
5165,5165,旧支配者キャロル,24450,277,45,41196 ,169,25398.90259,0,0.012243124
5174,5174,紅華猫,15830,539,80,41201 ,1177,17551.33808,0,0.386644938
5175,5175,新たな世界が開けたおじぁ,20142,766,86,41201 ,831,22170.05125,0,0.367135861
5176,5176,ランサーが死んだ..,29961.17566,804.3681747,251.0468552,40691 ,754.931888,34510.3866,0,0.371366511
5178,5178,口先高速魔術師,10946,460,35,41202 ,736,11912.50511,0,0.020757574
5180,5180,めくり若本,43121,1239,201,41203 ,770,47340.55012,0,0.44194876
5181,5181,三騎士物,13887,864,61,41203 ,1584,15615.60194,0,0.986668283
5186,5186,擬態新人,11160,351,109,40455 ,481,13135.3975,0,0.66434996
5188,5188,止めても動,50952.5,1314.416667,1033,40260 ,135.1666667,67729.50215,0,0.780222984
5189,5189,宇宙生物学,31603,574,154,40516 ,342.5,34476.80929,0,0.953979035
5191,5191,最寂.衛星.,24776.60791,1347.414343,271.3640136,40698 ,522.6357184,30125.70053,0,0.940828766
5201,5201,英国面,6788,136.5,55,41030 ,329.5,7746.830432,0,0.009621546
5213,5213,処刑用BGM,36267,1594,76,40819 ,1586,38934.02486,0,0.98648566
5216,5216,ご褒美回,29924,581,59,40437 ,556,31378.9556,0,0.383176059
5218,5218,主人公は厨二病患,30457,610,444,40324 ,290,37715.19143,0,0.11274058
5219,5219,超展開,20605.5,885.5,155.5,40440 ,390.5,23787.27658,0,0.01852872
5223,5223,松崎し.,6800.078812,1110.830188,484.1162279,40726 ,647.7453532,15025.66731,0,0.170520007
5229,5229,母強.迫.,11850.16013,1234.758451,388.7846951,40740 ,686.8123053,18803.53315,0,0.142635975
5236,5236,秋めくりアー祭,5962,175,34,40812 ,176,6642.037271,0,0.020010656
5241,5241,ヨーセン,9795,145,50,40152 ,92,10687.8954,0,0.254900811
5246,5246,昭和大学,10743,442,81,40725 ,260,12382.65897,0,0.785703289
5249,5249,三國志リターンズ,316,4,2,41068 ,374,349.9503106,1,0
5252,5252,できる,1374,59,8,41357 ,478,1550.584316,1,0
5256,5256,めくり_画館,11580,631,15,40506 ,695,12403.43326,0,0.681618607
5257,5257,謎技,85585.375,2685.625,1559.125,40433 ,266.375,111577.5837,1,0
5263,5263,レインボシヂスベガス2,17245,552,48,40451 ,541,18499.92496,0,0.143704807
5265,5265,守りたかっ.こ笑,9062.263848,744.1200211,622.3030841,40745 ,799.1281633,19087.8348,0,0.080990623
5274,5274,当然_.,10138.52359,1516.202096,612.9893481,40739 ,553.8419813,20662.17414,0,0.159593735
5278,5278,リュウとモリガン,15036,795,54,40499 ,1295,16601.21246,0,0.970919724
5281,5281,妃ハッピエン,361228,33452,2629,40672 ,1390,431298.461,1,0
5283,5283,亀フェル,13117,466,33,40674 ,404,14062.05141,0,0.122014653
5284,5284,物語紡ぎ紡がれてぁ,11705,497,56,40677 ,1632,13021.84916,0,0.994927888
5285,5285,北斗無,9101,511,50,40679 ,1414,10334.97444,0,0.979085478
5290,5290,東方ハトフル物,19831.5,392,434,40522 ,209.5,26726.06135,0,0.571038735
5291,5291,手加減を知らなぺ人,9947,314,69,40910 ,850,11286.45537,0,0.48059186
5292,5292,少丸,22857,497,174,41360 ,290,25953.50149,0,0.021377796
5294,5294,マルコブカラッ,374,19,5,42290 ,282,467.0929648,1,0
5295,5295,月蝶を呼ぶんじめ.,21596.62049,1086.390721,158.5568809,40694 ,670.4657088,25009.69351,0,0.612057875
5298,5298,妃厨,333,128,6,40674 ,1715,515.9164882,1,0
5302,5302,埼玉県民イホイ,169083,4219,1413,40830 ,627.5,194395.12,1,0
5306,5306,ぴぁ,10851,696,66,41195 ,861,12495.28675,0,0.024860413
5310,5310,東方宇宙農,2573,91,6,40335 ,321,2750.898502,0,0.227338735
5311,5311,北白河ちも,4732,195,71,40366 ,337,5984.391957,0,0.324347292
5313,5313,人柱アリス,2852,175,34,40625 ,302,3526.9951,0,0.129474979
5319,5319,東方を描ぁみ,2269.333333,90,28,40078 ,553.3333333,2775.940426,0,0.49179909
5323,5323,東方マウスカーソル,4451.333333,79.66666667,27.33333333,39695 ,105.3333333,4939.607653,0,0.071930397
5325,5325,ポップン,2029,242,33,39720 ,156,2740.581597,0,0.02258441
5328,5328,忙しぺ向けシリーズ,1158.5,26,11.5,40102 ,180.5,1356.434783,1,0
5330,5330,めくりし,3780,111,25,39777 ,556,4262.853677,0,0.259950809
5331,5331,東方暴月弾,5503,105,17,39783 ,36,5861.04,0,0.901050075
5332,5332,気がZU.N,34768.72062,874.4177327,237.7064871,40713 ,819.8912545,39187.42606,0,0.957481359
5335,5335,東方萦無,21528,1289,325,40996 ,792,27620.20322,0,0.482470372
5336,5336,わるゐこの方の有,16048,259,21,41012 ,599,16617.89166,0,0.077869612
5340,5340,何やってんだ俺,5259,326,42,39882 ,249,6196.113204,0,0.822905207
5362,5362,制限レイpart1リンク,24852,392,273.6,40517 ,714.4,29341.97812,0,0.800804192
5481,5481,顔芸,19717,485.25,72.25,41037 ,341.75,21274.38602,0,0.177042313
5483,5483,濜注意_,12573.66667,307,81.33333333,41397 ,712.6666667,14093.39549,0,0.246573044
5491,5491,祭,7946.2,167.4,19.2,40954 ,521,8398.154353,0,0.014946342
5554,5554,初見殺,11539,309.5,86.5,41131 ,1032.5,13137.97401,0,0.391288452
5556,5556,納得感動,41785.66667,1845.666667,476,40833 ,1008,50694.10161,0,0.806007914
5562,5562,月読家実況レイ,20329.25,623.75,118.75,40753 ,908,22715.78622,0,0.207259973
5565,5565,音程が来,9348.625,758.25,138.75,40240 ,270.875,12132.00904,0,0.643141078
5590,5590,リア充発した,146518.3333,12446.66667,282,40364 ,853.3333333,162222.1747,1,0
5612,5612,正統派かわぁめくりシリーズ,59565.5,2465.714286,1622.642857,40682 ,252,86275.34452,0,0.091392489
5616,5616,肺気音,37180,889,93,40272 ,695,39443.29037,0,0.597186871
5618,5618,聖戦の系,9328.333333,231.6666667,48,40329 ,820,10274.41409,0,0.810090779
5621,5621,平原牛は飯じゃなくてハンマ,3331,334,2,40645 ,351,3664.578402,0,0.036962471
5624,5624,咲,48522,1087,1424,40129 ,228,70945.84696,0,0.065628028
5634,5634,浜松まつ,805,41,8,41041 ,424,964.0316159,1,0
5638,5638,国168号,420,27,2,40972 ,780,475.376392,1,0
5641,5641,怒りの帰,127213,4839,397,40454 ,1028,137830.208,1,0
5642,5642,夢の国チキンレース,253408,15001,465,40461 ,867,274547.0652,1,0
5662,5662,金をかけるゲー_,2018,105,20,40669 ,794,2417.855343,0,0.07751097
5663,5663,仕方なねの人,57380,1967,871,40670 ,1208,72347.74863,0,0.959103759
5665,5665,古明地こい,17534,427,235,41040 ,300,21475.97972,0,0.022554174
5666,5666,中毒性の高い動画,147683,6815,1766,41042 ,980,180690.7836,1,0
5668,5668,梅津,4871,250,62,40745 ,1249,6038.941347,0,0.922591833
5669,5669,犬丼帝国,1563,47,21,40746 ,766,1923.645616,1,0
5676,5676,期待飼へ,2175,203,37,40973 ,768,2915.936232,0,0.389091791
5682,5682,空気が読めなぁとに定評あるぽ主,40035,1113,704,40818 ,989,51678.4012,0,0.891444505
5683,5683,建築伝説の始ま,19985,473,413,40820 ,1223,26642.28039,0,0.965475063
5686,5686,全神話生物が泣ぁ,14567,498,39,41003 ,266,15633.58024,0,0.008468673
5687,5687,妖怪と人間価値感相,13307,387,35,41011 ,329,14208.09105,0,0.029695005
5689,5689,宇宙真理につぁ,50490,1424,185,41041 ,972,54650.07841,0,0.361692635
5691,5691,最終兵器カラダで払う,10178,278,17,41041 ,415,10703.62064,0,0.053523038
5693,5693,大正,57707,2180,221,41043 ,1008,63122.93565,0,0.779673171
5696,5696,世紀末都市サザンクロス,17489,389,35,40900 ,651,18394.55245,0,0.542034066
5697,5697,右下活,16781,303,48,40918 ,542,17798.64108,0,0.15993714
5699,5699,卓上ゲー_,1240,15,4,40934 ,1016,1314.821287,1,0
5701,5701,安定1ターンキル,16096,234,68,40964 ,467,17346.66081,0,0.088152736
5703,5703,め芋P,1915,65,12,41195 ,458,2157.879016,0,0.002570817
5704,5704,濯時間の流れ,24450,277,45,41196 ,169,25398.90259,0,0.012243124
5711,5711,奇行帝サナエル,61078,1019,303,41200 ,1084,66625.3596,0,0.627690517
5713,5713,茭.めくり実況.,16397.9862,1417.281405,196.1579718,40731 ,717.6742574,20646.11427,0,0.027510482
5714,5714,東方黑水,20142,766,86,41201 ,831,22170.05125,0,0.367135861
5715,5715,リアル幸運E,24284,796,65,41201 ,1290,26029.80151,0,0.84085983
5718,5718,地SAN地,10946,460,35,41202 ,736,11912.50511,0,0.020757574
5721,5721,安定狂人,43121,1239,201,41203 ,770,47340.55012,0,0.44194876
5722,5722,乙女ゲー,13887,864,61,41203 ,1584,15615.60194,0,0.986668283
5724,5724,侵略ゴキ,263404,7937,943,41204 ,1649,285254.6387,1,0
5726,5726,動画には本斂書けどぁ,4662,170,26,40289 ,578,5216.05105,0,0.937455477
5727,5727,河童nm10001210,5562,399,180,40515 ,641,8635.075721,0,0.800194776
5728,5728,,81489,633,303,40559 ,161,86662.13874,0,0.904079038
5730,5730,悲しみのワル,60511,397,155,40586 ,181,63230.41891,0,0.479357309
5731,5731,暗ドーナツ,53081,448,140,40591 ,190,55625.26034,0,0.484415732
5732,5732,準惑,55937.5,545,191,40611 ,182.5,59342.25901,0,0.424850616
5735,5735,様式,24750.5,702.75,161,40616 ,504.5,27848.96942,0,0.848366855
5739,5739,生産財の価格上,2029,70,24,41511 ,463,2456.691945,0,0.02738503
5740,5740,林檎男.お前.忘れたとは.ry.,9640.912937,991.4394811,529.1096128,40734 ,596.8220778,18480.92999,0,0.201458724
5741,5741,変包囲網,51482,2326,123,40670 ,1429,55552.68152,0,0.990255379
5747,5747,越前が荒ぶる動画,33525,1441,87,40896 ,1730,36211.76168,0,0.989224351
5749,5749,火薬庫,36267,1594,76,40819 ,1586,38934.02486,0,0.98648566
5750,5750,平和な日常..,12899.42006,1116.507487,630.1442912,40745 ,709.1002482,23382.9777,0,0.317457904
5751,5751,めくり様本当に潔癖痁お方,27678,393,60,40441 ,559,28965.50965,0,0.384537805
5760,5760,迷子から始まる怪談話シリーズ,4072,176,16,40674 ,556,4480.73546,0,0.144931612
5769,5769,昭和花2,10743,442,81,40725 ,260,12382.65897,0,0.785703289
5770,5770,東風谷早,12722.75,359.75,126.25,41237 ,400.75,14966.45194,0,0.044689561
5774,5774,初代三国,316,4,2,41068 ,374,349.9503106,1,0
5779,5779,仲間シール,11580,631,15,40506 ,695,12403.43326,0,0.681618607
5784,5784,わいゼ,52913,1065.5,141,40448 ,716.5,56072.52253,0,0.776029565
5786,5786,後セインッウに...,12375.15043,1023.559124,499.4302667,40729 ,859.2490505,20814.78129,0,0.288962301
5788,5788,神ED,208373,9472,878,40460 ,1150,230604.8064,1,0
5794,5794,猫マグロ,256413.6667,18455.33333,553.3333333,40483 ,1333,281932.3562,1,0
5798,5798,目から一斤,109838,4740,1351,40499 ,1070,134649.1952,1,0
5799,5799,安忮フラグ回収,15036,795,54,40499 ,1295,16601.21246,0,0.970919724
5800,5800,妃フルスロッル,361228,33452,2629,40672 ,1390,431298.461,1,0
5801,5801,海のぬし釣,13117,466,33,40674 ,404,14062.05141,0,0.122014653
5802,5802,紡がれ続けた物語終わ,11705,497,56,40677 ,1632,13021.84916,0,0.994927888
5809,5809,妖怪くそガエル,24232,495,283,41410 ,257,28962.20292,0,0.021342196
5814,5814,癒し系,21307,492,123,40664 ,180.5,23632.95794,0,0.089024813
5816,5816,地獂超えたは地,158017,5862,521,40459 ,1132,171484.9791,1,0
5817,5817,宇宙服きろ.,15679.11014,1335.014588,392.0571683,40722 ,681.1718383,22792.58967,0,0.023402789
5819,5819,表情に定評あるめくり,19085,824,117,40707 ,280,21630.09528,0,0.123074514
5824,5824,聞く_け動画,23658.5,422.5,431,40541 ,1054,30538.7176,0,0.991967451
5825,5825,化け物使,15909,409,60,40532 ,2112,17207.78624,0,0.991253599
5829,5829,腹筋ブレイカー,32122.5,2131,264.5,39920 ,233.5,38089.44078,0,0.248509383
5830,5830,東方寝不許,3050,42,15,40298 ,11,3316.43225,0,0.153639745
5843,5843,靴も手もな,40627,4596,604,39715 ,260,53822.06614,0,0.902399253
5849,5849,下,3780,111,25,39777 ,556,4262.853677,0,0.259950809
5850,5850,東方_れた名作リンク,13944,599,205,39785 ,303,17593.67121,0,0.405710407
5853,5853,筨淫具,21439,784,209,40896 ,320,25330.59914,0,0.146992703
5854,5854,東方超級者向けリンク,21528,1289,325,40996 ,792,27620.20322,0,0.482470372
5855,5855,霧雨魔理,12063.33333,216.1666667,188,41200 ,643.1666667,15095.75201,0,0.607361777
5859,5859,東方落外,3768,119,42,39903 ,283,4513.395775,0,0.020815258
5929,5929,_,593,35.33333333,3,40970 ,806.3333333,671.3558606,1,0
6003,6003,静岡,3273.4,102,33.4,41125 ,611.2,3873.3479,0,0.023173731
6077,6077,死亡フラグ,46458.625,2613.375,111.625,40626 ,905.75,50607.51316,0,0.116782131
6130,6130,謎選曲,37180,889,93,40272 ,695,39443.29037,0,0.597186871
6131,6131,早く次の動画を撮るべきだ..3.,4639.028032,1837.347962,395.5232795,40733 ,761.1585003,11917.97126,0,0.213419892
6132,6132,未,5478,101,49,41223 ,392,6312.187456,0,0.031679516
6133,6133,最初と最後ギャがすごい,48522,1087,1424,40129 ,228,70945.84696,0,0.065628028
6143,6143,数の暴,127213,4839,397,40454 ,1028,137830.208,1,0
6144,6144,洗脳動画,5915,94,13,40259 ,416,6202.532713,0,0.895361999
6145,6145,終わりなどなかっ,8600,670,87,40321 ,22,10527.02522,0,0.085328253
6150,6150,祝っても,20607,814,46,40399 ,523,22080.13421,0,0.195639695
6153,6153,萌えもんプレイ動画第1話リンク,477780,5139,12278,40253 ,523,667035.6691,1,0
6155,6155,非協力レイ,2018,105,20,40669 ,794,2417.855343,0,0.07751097
6156,6156,石愛.後半ブロヂである,13110.51329,970.5401662,236.7194836,40731 ,572.0215686,17566.05697,0,0.188234438
6158,6158,古明地さと,17534,427,235,41040 ,300,21475.97972,0,0.022554174
6159,6159,X...すごぼ_.,12048.31359,1334.028223,721.0499356,40733 ,640.0035061,24071.90621,0,0.232940732
6160,6160,山田権座衛門之助めくり衛門,147683,6815,1766,41042 ,980,180690.7836,1,0
6162,6162,荒る目,8969,217,185,41042 ,675,11955.97503,0,0.026521137
6164,6164,野戦病院,4871,250,62,40745 ,1249,6038.941347,0,0.922591833
6165,6165,般若念,1563,47,21,40746 ,766,1923.645616,1,0
6167,6167,良画質,1963,116,33,40504 ,918,2567.628788,0,0.655219068
6169,6169,,2175,203,37,40973 ,768,2915.936232,0,0.389091791
6173,6173,紅美鈴,40035,1113,704,40818 ,989,51678.4012,0,0.891444505
6174,6174,後世界創設,19985,473,413,40820 ,1223,26642.28039,0,0.965475063
6176,6176,名状しがたきCoCのようなも,14567,498,39,41003 ,266,15633.58024,0,0.008468673
6180,6180,真っ白な街と真っ黒なセロス,10178,278,17,41041 ,415,10703.62064,0,0.053523038
6182,6182,視者様中に絵師さんはぁせん.,18401.97507,1153.618992,159.570508,40731 ,677.1206364,21881.64848,0,0.333826289
6183,6183,大正浪漫,57707,2180,221,41043 ,1008,63122.93565,0,0.779673171
6184,6184,時_注意_.音量的な意味で.,14450.57839,2320.537229,531.2961918,40742 ,906.1287639,24429.33639,0,0.775706031
6185,6185,熱情律動,16781,303,48,40918 ,542,17798.64108,0,0.15993714
6186,6186,消したらチェヂ,61569,146,718,40963 ,130,72484.65858,0,0.0102029
6187,6187,服なんて飾りで,38484,1232,101,40963 ,1389,41192.88,0,0.975988489
6189,6189,編雮本,24450,277,45,41196 ,169,25398.90259,0,0.012243124
6194,6194,暂持て余した神々解説,8548,483,61,41199 ,1080,9920.341289,0,0.432637024
6195,6195,_晴らしあードネー_,61078,1019,303,41200 ,1084,66625.3596,0,0.627690517
6196,6196,高_生と婦警でクトゥル..,16465.51288,2030.945553,162.8147181,40721 ,689.952949,20717.62344,0,0.0385329
6197,6197,めくり殺,14831,383.3333333,233,41199 ,893.3333333,18699.82072,0,0.798164726
6198,6198,玉虫色の研究,20142,766,86,41201 ,831,22170.05125,0,0.367135861
6199,6199,裸カソヂ,24284,796,65,41201 ,1290,26029.80151,0,0.84085983
6201,6201,次回ミヤヂの野菜が火を噴くぜ.,9553.534095,1590.659271,245.1019075,40721 ,393.9892235,14598.56627,0,0.005650474
6203,6203,真ゆっくりクトゥルフサーガ,43121,1239,201,41203 ,770,47340.55012,0,0.44194876
6204,6204,龍ちもがまともな交渉人,25627,633.5,61.5,41202 ,1005.5,27167.75335,0,0.639481076
6205,6205,業.宇.,13282.60611,1872.198441,343.2417685,40730 ,759.6667608,20077.26535,0,0.446353855
6206,6206,阿求UVのパラノイアTRPG,112118,2213,191,41204 ,856,117153.2364,1,0
6208,6208,法盾.物.,23901.05575,2199.147906,687.5098202,40710 ,590.7270158,36232.31104,0,0.319105422
6210,6210,風見幽,6003.4,340.8,53.4,40736 ,376.4,7127.045592,0,0.26243799
6212,6212,刁らんとぁことがかっ.,40737.52875,898.757955,151.4743228,40701 ,720.5991594,43889.07135,0,0.936017999
6213,6213,特殊相対性琫,5562,399,180,40515 ,641,8635.075721,0,0.800194776
6214,6214,週刊世界の完走動画完走,33812,491,214,40515 ,222,37506.01559,0,0.725477815
6215,6215,珪_生物,29394,657,94,40517 ,463,31446.68091,0,0.940355856
6217,6217,金返せ.,12339.83656,714.8002278,784.8638349,40727 ,804.2781956,24790.67539,0,0.589130532
6218,6218,十万石饅_,17042,707,534,40710 ,243,25731.66045,0,0.06783819
6219,6219,隕石,16147,364,101,40776 ,252,18018.02408,0,0.492136057
6220,6220,謎白ぶ,11671,439,128,40910 ,518,14014.25225,0,0.069761173
6222,6222,紅い悪魔経済講座,2029,70,24,41511 ,463,2456.691945,0,0.02738503
6223,6223,祝Ｒ魂バーザ_発売,8905,146,77,41514 ,288,10203.66477,0,0.15608494
6224,6224,苔,18705,521,41,40254 ,601,19826.91161,0,0.478527974
6225,6225,彼女.彼女.彼女,27955.28883,1096.947743,320.5206014,40697 ,762.1959342,33819.07925,0,0.708073136
6227,6227,越前の本.,9795.155044,1483.115945,432.6163475,40747 ,788.9542586,17579.68817,0,0.481036784
6228,6228,越前以,36267,1594,76,40819 ,1586,38934.02486,0,0.98648566
6229,6229,石津,2840,133,10,40821 ,854,3117.070064,0,0.746264369
6231,6231,霊見えるほぁ,30457,610,444,40324 ,290,37715.19143,0,0.11274058
6234,6234,返事してはぁな,9260,631,69,40537 ,554,10886.024,0,0.24881652
6237,6237,迷子と写真の人,4072,176,16,40674 ,556,4480.73546,0,0.144931612
6242,6242,本来のめくりの使ざ,10743,442,81,40725 ,260,12382.65897,0,0.785703289
6243,6243,神奈子様もみて,12310,302,105,41224 ,316,14179.82818,0,0.044255994
6244,6244,戦略ゲーPart1リンク,316,4,2,41068 ,374,349.9503106,1,0
6245,6245,車田落ち,475,51,2,41098 ,200,551.0738636,1,0
6247,6247,金髪の子かわいそう,24427.5,711.5,87,41314 ,719,26423.93212,0,0.047067532
6248,6248,初忀TRPG部,1565,63,43,41367 ,461,2270.624776,0,0.030026242
6250,6250,前回の復,9175,558,51,41043 ,1027,10466.17621,0,0.290041884
6251,6251,処刑用,11580,631,15,40506 ,695,12403.43326,0,0.681618607
6252,6252,出牛来,10728,405,38,40897 ,680,11688.31689,0,0.547468606
6253,6253,死にゲー,26220,1659,179,40819 ,1146,30465.90744,0,0.846170664
6255,6255,背後霊系王女,81156,1515,232,40435 ,621,86123.31433,0,0.664601387
6256,6256,紐Ｇ,17245,552,48,40451 ,541,18499.92496,0,0.143704807
6258,6258,.白,8106.747676,1769.021388,262.5326317,40743 ,721.3469197,13505.0839,0,0.048328929
6260,6260,自主規制,38212,2240,122,40478 ,835,42158.3346,0,0.908349233
6266,6266,顔からしてめしい松山,83362,3089,342,40496 ,1018,91471.06117,0,0.914899191
6267,6267,悪魔城ドラキュラXX,15036,795,54,40499 ,1295,16601.21246,0,0.970919724
6268,6268,茂中の人,324270,20342,772,40502 ,948,354993.922,1,0
6269,6269,相手も忇は消耗品,361228,33452,2629,40672 ,1390,431298.461,1,0
6270,6270,深海のドン,13117,466,33,40674 ,404,14062.05141,0,0.122014653
6271,6271,綺麗な我,11705,497,56,40677 ,1632,13021.84916,0,0.994927888
6272,6272,愛すべきバカ,9101,511,50,40679 ,1414,10334.97444,0,0.979085478
6274,6274,小林幸,5691,93,17,40681 ,948,6037.50905,0,0.853886414
6275,6275,蓬莱山輝,79933.66667,986.6666667,1702.333333,40528 ,179,106443.5507,1,0
6276,6276,紅魔館の日常,22244,335,115,41348 ,153,24299.05486,0,0.012720033
6277,6277,東方,23084.5,428.5,167,41368 ,253.5,26010.2461,0,0.014679984
6278,6278,瀟洒なまと,20465,612,145,41397 ,237,23234.35115,0,0.01652401
6279,6279,聖痕,1873,104,24,41609 ,554,2331.594703,0,0.038246383
6280,6280,不遇怪獣,374,19,5,42290 ,282,467.0929648,1,0
6281,6281,復活パターン,158017,5862,521,40459 ,1132,171484.9791,1,0
6282,6282,石川県警,192248,4063,568,40489 ,990,204747.1517,1,0
6283,6283,具.15second,14112.82721,1071.772555,377.3179226,40742 ,594.4810986,20770.55402,0,0.034581882
6284,6284,最強の兵器.人々,5472.133129,1177.334164,624.6834545,40728 ,710.4452904,15829.16549,0,0.019394139
6286,6286,誰が上手ぁと言えと,19085,824,117,40707 ,280,21630.09528,0,0.123074514
6288,6288,レジッ.オ.サン,29711.00545,1516.310205,251.165931,40714 ,470.5603624,34921.76435,0,0.349042837
6289,6289,落,10884.66667,250,53.66666667,40757 ,1056.333333,11934.08049,0,0.96697924
6291,6291,命は投げ捨て.られ.るもの,14797.95208,1313.49359,502.4755429,40730 ,774.0093829,23544.73425,0,0.12217024
6294,6294,天国への_速装置,215333,5115,874,40560 ,1208,233439.7866,1,0
6295,6295,後ろの存在,10851,696,66,41195 ,861,12495.28675,0,0.024860413
6296,6296,河城にと,3050,42,15,40298 ,11,3316.43225,0,0.153639745
6297,6297,手描きン,2029,242,33,39720 ,156,2740.581597,0,0.02258441
6300,6300,運営,3780,111,25,39777 ,556,4262.853677,0,0.259950809
6301,6301,止めたらゲッン,5503,105,17,39783 ,36,5861.04,0,0.901050075
6302,6302,槇原敬,13944,599,205,39785 ,303,17593.67121,0,0.405710407
6303,6303,癒し曲リンク,46357.25,1012.25,2011.5,39959 ,260.25,77521.25012,0,0.320376337
6304,6304,風流東方春華,25423.25,978.75,312.5,40918 ,470.5,31053.64114,0,0.085200442
6305,6305,..巫女,14062.32219,1563.621662,164.6812146,40708 ,594.7012178,17941.32889,0,0.55924038
6306,6306,_れなか画,1826,62,34,39771 ,402,2396,0,0.858904124
6308,6308,リアルヴァナ史,37082,2388,497,39836 ,540,46782.31869,0,0.126622346
6310,6310,演じてみ,5259,326,42,39882 ,249,6196.113204,0,0.822905207
6311,6311,眼鏡っ,3768,119,42,39903 ,283,4513.395775,0,0.020815258
6314,6314,藤原妹,17073.33333,515.6666667,335,40499 ,525,22599.16446,0,0.867017939
6529,6529,音程が来,5593.25,184,107,40645 ,318.5,7376.496336,0,0.132111048
,,,,,,,,,,
,,,12,13,14,15,16,17,18,19